--------------------------------------------------------
--  File created - 星期三-八月-10-2016   
--------------------------------------------------------

---------------------------------------------------
--   DATA FOR TABLE CM_RECORD
--   FILTER = none used
---------------------------------------------------
REM INSERTING into CM_RECORD
Insert into CM_RECORD (ID,PERSON_ID,TARGET_ID,SCORE,AUTHOR,PUBDATE,STAT,DATELINE,PART_ID) values (97,47,63,200,'admin',1469501720,1,1478141720,19);
Insert into CM_RECORD (ID,PERSON_ID,TARGET_ID,SCORE,AUTHOR,PUBDATE,STAT,DATELINE,PART_ID) values (95,45,62,100,'admin',1469501691,1,1478141691,19);
Insert into CM_RECORD (ID,PERSON_ID,TARGET_ID,SCORE,AUTHOR,PUBDATE,STAT,DATELINE,PART_ID) values (96,42,63,200,'admin',1469501707,1,1478141707,19);
Insert into CM_RECORD (ID,PERSON_ID,TARGET_ID,SCORE,AUTHOR,PUBDATE,STAT,DATELINE,PART_ID) values (75,47,32,-150,'zhongxin',1469441376,1,1469441376,12);
Insert into CM_RECORD (ID,PERSON_ID,TARGET_ID,SCORE,AUTHOR,PUBDATE,STAT,DATELINE,PART_ID) values (86,35,45,50,'zhongxin',1469498313,0,1469498313,12);
Insert into CM_RECORD (ID,PERSON_ID,TARGET_ID,SCORE,AUTHOR,PUBDATE,STAT,DATELINE,PART_ID) values (98,43,63,200,'admin',1469501732,1,1478141732,19);
Insert into CM_RECORD (ID,PERSON_ID,TARGET_ID,SCORE,AUTHOR,PUBDATE,STAT,DATELINE,PART_ID) values (99,41,63,200,'admin',1469501744,1,1478141744,19);
Insert into CM_RECORD (ID,PERSON_ID,TARGET_ID,SCORE,AUTHOR,PUBDATE,STAT,DATELINE,PART_ID) values (89,26,63,200,'admin',1469501378,1,1478141378,19);
Insert into CM_RECORD (ID,PERSON_ID,TARGET_ID,SCORE,AUTHOR,PUBDATE,STAT,DATELINE,PART_ID) values (90,26,63,200,'admin',1469501388,1,1478141388,19);
Insert into CM_RECORD (ID,PERSON_ID,TARGET_ID,SCORE,AUTHOR,PUBDATE,STAT,DATELINE,PART_ID) values (100,31,63,200,'admin',1469501778,1,1478141778,19);
Insert into CM_RECORD (ID,PERSON_ID,TARGET_ID,SCORE,AUTHOR,PUBDATE,STAT,DATELINE,PART_ID) values (101,25,63,200,'admin',1469501786,1,1478141786,19);
Insert into CM_RECORD (ID,PERSON_ID,TARGET_ID,SCORE,AUTHOR,PUBDATE,STAT,DATELINE,PART_ID) values (102,28,63,200,'admin',1469501796,1,1478141796,19);
Insert into CM_RECORD (ID,PERSON_ID,TARGET_ID,SCORE,AUTHOR,PUBDATE,STAT,DATELINE,PART_ID) values (103,35,63,200,'admin',1469501804,1,1478141804,19);
Insert into CM_RECORD (ID,PERSON_ID,TARGET_ID,SCORE,AUTHOR,PUBDATE,STAT,DATELINE,PART_ID) values (104,30,63,200,'admin',1469501860,1,1478141860,19);
Insert into CM_RECORD (ID,PERSON_ID,TARGET_ID,SCORE,AUTHOR,PUBDATE,STAT,DATELINE,PART_ID) values (105,29,63,200,'admin',1469501871,1,1478141871,19);
Insert into CM_RECORD (ID,PERSON_ID,TARGET_ID,SCORE,AUTHOR,PUBDATE,STAT,DATELINE,PART_ID) values (106,16,63,200,'admin',1469501881,1,1478141881,19);
Insert into CM_RECORD (ID,PERSON_ID,TARGET_ID,SCORE,AUTHOR,PUBDATE,STAT,DATELINE,PART_ID) values (117,56,47,-100,'admin',1469518636,1,1478158636,19);
Insert into CM_RECORD (ID,PERSON_ID,TARGET_ID,SCORE,AUTHOR,PUBDATE,STAT,DATELINE,PART_ID) values (118,55,62,100,'admin',1469518647,1,1478158647,19);
Insert into CM_RECORD (ID,PERSON_ID,TARGET_ID,SCORE,AUTHOR,PUBDATE,STAT,DATELINE,PART_ID) values (119,55,62,100,'admin',1469518658,1,1478158658,19);
Insert into CM_RECORD (ID,PERSON_ID,TARGET_ID,SCORE,AUTHOR,PUBDATE,STAT,DATELINE,PART_ID) values (120,57,63,200,'admin',1469518701,1,1478158701,19);
Insert into CM_RECORD (ID,PERSON_ID,TARGET_ID,SCORE,AUTHOR,PUBDATE,STAT,DATELINE,PART_ID) values (121,57,63,200,'admin',1469518711,1,1478158711,19);
Insert into CM_RECORD (ID,PERSON_ID,TARGET_ID,SCORE,AUTHOR,PUBDATE,STAT,DATELINE,PART_ID) values (122,57,63,200,'admin',1469518720,1,1478158720,19);
Insert into CM_RECORD (ID,PERSON_ID,TARGET_ID,SCORE,AUTHOR,PUBDATE,STAT,DATELINE,PART_ID) values (123,57,63,200,'admin',1469518731,1,1478158731,19);
Insert into CM_RECORD (ID,PERSON_ID,TARGET_ID,SCORE,AUTHOR,PUBDATE,STAT,DATELINE,PART_ID) values (124,57,63,200,'admin',1469518741,1,1478158741,19);
Insert into CM_RECORD (ID,PERSON_ID,TARGET_ID,SCORE,AUTHOR,PUBDATE,STAT,DATELINE,PART_ID) values (125,55,63,200,'admin',1469518779,1,1478158779,19);
Insert into CM_RECORD (ID,PERSON_ID,TARGET_ID,SCORE,AUTHOR,PUBDATE,STAT,DATELINE,PART_ID) values (126,55,63,200,'admin',1469518791,1,1478158791,19);
Insert into CM_RECORD (ID,PERSON_ID,TARGET_ID,SCORE,AUTHOR,PUBDATE,STAT,DATELINE,PART_ID) values (127,56,63,200,'admin',1469518801,1,1478158801,19);
Insert into CM_RECORD (ID,PERSON_ID,TARGET_ID,SCORE,AUTHOR,PUBDATE,STAT,DATELINE,PART_ID) values (128,49,63,200,'admin',1469518840,1,1478158840,19);
Insert into CM_RECORD (ID,PERSON_ID,TARGET_ID,SCORE,AUTHOR,PUBDATE,STAT,DATELINE,PART_ID) values (129,49,63,200,'admin',1469518847,1,1478158847,19);
Insert into CM_RECORD (ID,PERSON_ID,TARGET_ID,SCORE,AUTHOR,PUBDATE,STAT,DATELINE,PART_ID) values (130,48,63,200,'admin',1469518859,1,1478158859,19);
Insert into CM_RECORD (ID,PERSON_ID,TARGET_ID,SCORE,AUTHOR,PUBDATE,STAT,DATELINE,PART_ID) values (131,49,63,200,'admin',1469518909,1,1478158909,19);
Insert into CM_RECORD (ID,PERSON_ID,TARGET_ID,SCORE,AUTHOR,PUBDATE,STAT,DATELINE,PART_ID) values (132,50,63,200,'admin',1469518918,1,1478158918,19);
Insert into CM_RECORD (ID,PERSON_ID,TARGET_ID,SCORE,AUTHOR,PUBDATE,STAT,DATELINE,PART_ID) values (133,51,63,200,'admin',1469518925,1,1478158925,19);
Insert into CM_RECORD (ID,PERSON_ID,TARGET_ID,SCORE,AUTHOR,PUBDATE,STAT,DATELINE,PART_ID) values (134,48,63,200,'admin',1469518934,1,1478158934,19);
Insert into CM_RECORD (ID,PERSON_ID,TARGET_ID,SCORE,AUTHOR,PUBDATE,STAT,DATELINE,PART_ID) values (135,50,63,200,'admin',1469518990,1,1478158990,19);
Insert into CM_RECORD (ID,PERSON_ID,TARGET_ID,SCORE,AUTHOR,PUBDATE,STAT,DATELINE,PART_ID) values (136,51,63,200,'admin',1469518998,1,1478158998,19);
Insert into CM_RECORD (ID,PERSON_ID,TARGET_ID,SCORE,AUTHOR,PUBDATE,STAT,DATELINE,PART_ID) values (137,49,46,-100,'admin',1469519088,1,1478159088,19);
Insert into CM_RECORD (ID,PERSON_ID,TARGET_ID,SCORE,AUTHOR,PUBDATE,STAT,DATELINE,PART_ID) values (138,50,58,-200,'admin',1469519095,1,1478159095,19);
Insert into CM_RECORD (ID,PERSON_ID,TARGET_ID,SCORE,AUTHOR,PUBDATE,STAT,DATELINE,PART_ID) values (139,51,48,-100,'admin',1469519103,1,1478159103,19);
Insert into CM_RECORD (ID,PERSON_ID,TARGET_ID,SCORE,AUTHOR,PUBDATE,STAT,DATELINE,PART_ID) values (140,48,57,-200,'admin',1469519112,1,1478159112,19);
Insert into CM_RECORD (ID,PERSON_ID,TARGET_ID,SCORE,AUTHOR,PUBDATE,STAT,DATELINE,PART_ID) values (141,35,58,-200,'admin',1469520046,1,1478160046,19);
Insert into CM_RECORD (ID,PERSON_ID,TARGET_ID,SCORE,AUTHOR,PUBDATE,STAT,DATELINE,PART_ID) values (56,45,41,-200,'admin',1469409484,1,1469409484,19);
Insert into CM_RECORD (ID,PERSON_ID,TARGET_ID,SCORE,AUTHOR,PUBDATE,STAT,DATELINE,PART_ID) values (73,42,33,-150,'zhongxin',1469414075,1,1469414075,12);
Insert into CM_RECORD (ID,PERSON_ID,TARGET_ID,SCORE,AUTHOR,PUBDATE,STAT,DATELINE,PART_ID) values (74,42,31,-150,'zhongxin',1469414130,1,1469414130,12);
Insert into CM_RECORD (ID,PERSON_ID,TARGET_ID,SCORE,AUTHOR,PUBDATE,STAT,DATELINE,PART_ID) values (76,41,32,-150,'zhongxin',1469441679,1,1469441679,12);
Insert into CM_RECORD (ID,PERSON_ID,TARGET_ID,SCORE,AUTHOR,PUBDATE,STAT,DATELINE,PART_ID) values (78,47,32,-150,'zhongxin',1469441734,1,1469441734,12);
Insert into CM_RECORD (ID,PERSON_ID,TARGET_ID,SCORE,AUTHOR,PUBDATE,STAT,DATELINE,PART_ID) values (149,63,62,100,'admin',1470733959,1,1479373959,19);
Insert into CM_RECORD (ID,PERSON_ID,TARGET_ID,SCORE,AUTHOR,PUBDATE,STAT,DATELINE,PART_ID) values (150,60,62,100,'admin',1470733967,1,1479373967,19);
Insert into CM_RECORD (ID,PERSON_ID,TARGET_ID,SCORE,AUTHOR,PUBDATE,STAT,DATELINE,PART_ID) values (151,61,62,100,'admin',1470733977,1,1479373977,19);
Insert into CM_RECORD (ID,PERSON_ID,TARGET_ID,SCORE,AUTHOR,PUBDATE,STAT,DATELINE,PART_ID) values (152,61,49,-100,'admin',1470733989,1,1479373989,19);
Insert into CM_RECORD (ID,PERSON_ID,TARGET_ID,SCORE,AUTHOR,PUBDATE,STAT,DATELINE,PART_ID) values (153,62,60,50,'admin',1470734016,1,1479374016,19);
Insert into CM_RECORD (ID,PERSON_ID,TARGET_ID,SCORE,AUTHOR,PUBDATE,STAT,DATELINE,PART_ID) values (154,69,62,100,'admin',1470734320,1,1479374320,19);
Insert into CM_RECORD (ID,PERSON_ID,TARGET_ID,SCORE,AUTHOR,PUBDATE,STAT,DATELINE,PART_ID) values (155,68,63,200,'admin',1470734329,1,1479374329,19);
Insert into CM_RECORD (ID,PERSON_ID,TARGET_ID,SCORE,AUTHOR,PUBDATE,STAT,DATELINE,PART_ID) values (156,68,63,200,'admin',1470734339,1,1479374339,19);
Insert into CM_RECORD (ID,PERSON_ID,TARGET_ID,SCORE,AUTHOR,PUBDATE,STAT,DATELINE,PART_ID) values (157,65,63,200,'admin',1470734348,1,1479374348,19);
Insert into CM_RECORD (ID,PERSON_ID,TARGET_ID,SCORE,AUTHOR,PUBDATE,STAT,DATELINE,PART_ID) values (158,68,63,200,'admin',1470734363,1,1479374363,19);
Insert into CM_RECORD (ID,PERSON_ID,TARGET_ID,SCORE,AUTHOR,PUBDATE,STAT,DATELINE,PART_ID) values (159,68,63,200,'admin',1470734376,1,1479374376,19);
Insert into CM_RECORD (ID,PERSON_ID,TARGET_ID,SCORE,AUTHOR,PUBDATE,STAT,DATELINE,PART_ID) values (160,67,62,100,'admin',1470734398,1,1479374398,19);
Insert into CM_RECORD (ID,PERSON_ID,TARGET_ID,SCORE,AUTHOR,PUBDATE,STAT,DATELINE,PART_ID) values (161,64,49,-100,'admin',1470734410,1,1479374410,19);
Insert into CM_RECORD (ID,PERSON_ID,TARGET_ID,SCORE,AUTHOR,PUBDATE,STAT,DATELINE,PART_ID) values (162,65,61,50,'admin',1470734421,1,1479374421,19);
Insert into CM_RECORD (ID,PERSON_ID,TARGET_ID,SCORE,AUTHOR,PUBDATE,STAT,DATELINE,PART_ID) values (163,68,63,200,'admin',1470734450,1,1479374450,19);
Insert into CM_RECORD (ID,PERSON_ID,TARGET_ID,SCORE,AUTHOR,PUBDATE,STAT,DATELINE,PART_ID) values (108,55,62,100,'admin',1469505860,1,1478145860,19);
Insert into CM_RECORD (ID,PERSON_ID,TARGET_ID,SCORE,AUTHOR,PUBDATE,STAT,DATELINE,PART_ID) values (107,56,62,100,'admin',1469505848,1,1478145848,19);
Insert into CM_RECORD (ID,PERSON_ID,TARGET_ID,SCORE,AUTHOR,PUBDATE,STAT,DATELINE,PART_ID) values (109,52,63,200,'admin',1469505874,1,1478145874,19);
Insert into CM_RECORD (ID,PERSON_ID,TARGET_ID,SCORE,AUTHOR,PUBDATE,STAT,DATELINE,PART_ID) values (110,53,61,50,'admin',1469505885,1,1478145885,19);
Insert into CM_RECORD (ID,PERSON_ID,TARGET_ID,SCORE,AUTHOR,PUBDATE,STAT,DATELINE,PART_ID) values (111,54,60,50,'admin',1469505898,1,1478145898,19);
Insert into CM_RECORD (ID,PERSON_ID,TARGET_ID,SCORE,AUTHOR,PUBDATE,STAT,DATELINE,PART_ID) values (112,48,63,200,'admin',1469505930,1,1478145930,19);
Insert into CM_RECORD (ID,PERSON_ID,TARGET_ID,SCORE,AUTHOR,PUBDATE,STAT,DATELINE,PART_ID) values (72,42,33,-150,'zhongxin',1469414046,1,1469414046,12);
Insert into CM_RECORD (ID,PERSON_ID,TARGET_ID,SCORE,AUTHOR,PUBDATE,STAT,DATELINE,PART_ID) values (80,41,32,-150,'zhongxin',1469441836,1,1469441836,12);
Insert into CM_RECORD (ID,PERSON_ID,TARGET_ID,SCORE,AUTHOR,PUBDATE,STAT,DATELINE,PART_ID) values (113,49,62,100,'admin',1469505938,1,1478145938,19);
Insert into CM_RECORD (ID,PERSON_ID,TARGET_ID,SCORE,AUTHOR,PUBDATE,STAT,DATELINE,PART_ID) values (114,50,61,50,'admin',1469505946,1,1478145946,19);
Insert into CM_RECORD (ID,PERSON_ID,TARGET_ID,SCORE,AUTHOR,PUBDATE,STAT,DATELINE,PART_ID) values (115,51,60,50,'admin',1469505955,1,1478145955,19);
Insert into CM_RECORD (ID,PERSON_ID,TARGET_ID,SCORE,AUTHOR,PUBDATE,STAT,DATELINE,PART_ID) values (116,41,47,-100,'admin',1469511616,1,1478151616,19);
Insert into CM_RECORD (ID,PERSON_ID,TARGET_ID,SCORE,AUTHOR,PUBDATE,STAT,DATELINE,PART_ID) values (147,55,49,-100,'admin',1470030499,1,1478670499,19);
Insert into CM_RECORD (ID,PERSON_ID,TARGET_ID,SCORE,AUTHOR,PUBDATE,STAT,DATELINE,PART_ID) values (148,47,49,-100,'admin',1470032121,1,1478672121,19);
Insert into CM_RECORD (ID,PERSON_ID,TARGET_ID,SCORE,AUTHOR,PUBDATE,STAT,DATELINE,PART_ID) values (52,24,33,-150,'xzzheng',1464274396,1,1464274396,12);
Insert into CM_RECORD (ID,PERSON_ID,TARGET_ID,SCORE,AUTHOR,PUBDATE,STAT,DATELINE,PART_ID) values (82,26,32,-150,'zhongxin',1469442376,1,1469442376,12);
Insert into CM_RECORD (ID,PERSON_ID,TARGET_ID,SCORE,AUTHOR,PUBDATE,STAT,DATELINE,PART_ID) values (45,25,35,-100,'cunming2',1464266092,0,1464266092,13);
Insert into CM_RECORD (ID,PERSON_ID,TARGET_ID,SCORE,AUTHOR,PUBDATE,STAT,DATELINE,PART_ID) values (48,27,35,-103,'cunming2',1464268266,0,1464268266,13);
Insert into CM_RECORD (ID,PERSON_ID,TARGET_ID,SCORE,AUTHOR,PUBDATE,STAT,DATELINE,PART_ID) values (50,37,20,-910,'sifa',1464268803,1,1472908803,18);
Insert into CM_RECORD (ID,PERSON_ID,TARGET_ID,SCORE,AUTHOR,PUBDATE,STAT,DATELINE,PART_ID) values (79,47,34,-150,'zhongxin',1469441816,1,1469441816,12);
Insert into CM_RECORD (ID,PERSON_ID,TARGET_ID,SCORE,AUTHOR,PUBDATE,STAT,DATELINE,PART_ID) values (62,42,40,50,'admin',1469409707,1,1469409707,19);
Insert into CM_RECORD (ID,PERSON_ID,TARGET_ID,SCORE,AUTHOR,PUBDATE,STAT,DATELINE,PART_ID) values (146,41,44,-200,'admin',1470030339,1,1478670339,19);
Insert into CM_RECORD (ID,PERSON_ID,TARGET_ID,SCORE,AUTHOR,PUBDATE,STAT,DATELINE,PART_ID) values (81,24,42,50,'zhongxin',1469442363,1,1469442363,12);
Insert into CM_RECORD (ID,PERSON_ID,TARGET_ID,SCORE,AUTHOR,PUBDATE,STAT,DATELINE,PART_ID) values (83,25,42,50,'zhongxin',1469442386,1,1469442386,12);

---------------------------------------------------
--   END DATA FOR TABLE CM_RECORD
---------------------------------------------------

---------------------------------------------------
--   DATA FOR TABLE CM_TARGET
--   FILTER = none used
---------------------------------------------------
REM INSERTING into CM_TARGET
Insert into CM_TARGET (ID,TARGET_NAME,TARGET_SCORE,AUTHOR,PUBDATE,DATELINE,PART_ID) values (46,'其他违反社会公德的行为',-100,'admin',1469605601,100,32);
Insert into CM_TARGET (ID,TARGET_NAME,TARGET_SCORE,AUTHOR,PUBDATE,DATELINE,PART_ID) values (44,'受到各类处罚',-200,'admin',1470797444,100,29);
Insert into CM_TARGET (ID,TARGET_NAME,TARGET_SCORE,AUTHOR,PUBDATE,DATELINE,PART_ID) values (45,'获乡镇、县、市和国家级荣誉称号、每等级增加50分',50,'admin',1470797391,100,30);
Insert into CM_TARGET (ID,TARGET_NAME,TARGET_SCORE,AUTHOR,PUBDATE,DATELINE,PART_ID) values (47,'乱堆杂物、乱倒垃圾',-100,'admin',1469605557,100,32);
Insert into CM_TARGET (ID,TARGET_NAME,TARGET_SCORE,AUTHOR,PUBDATE,DATELINE,PART_ID) values (48,'丧家骨灰乱埋乱葬',-100,'admin',1469605605,100,32);
Insert into CM_TARGET (ID,TARGET_NAME,TARGET_SCORE,AUTHOR,PUBDATE,DATELINE,PART_ID) values (49,'秸秆及其它垃圾焚烧',-100,'admin',1469605592,100,32);
Insert into CM_TARGET (ID,TARGET_NAME,TARGET_SCORE,AUTHOR,PUBDATE,DATELINE,PART_ID) values (50,'其他损害生态环境行为',-150,'admin',1470797367,100,30);
Insert into CM_TARGET (ID,TARGET_NAME,TARGET_SCORE,AUTHOR,PUBDATE,DATELINE,PART_ID) values (51,'不规范养猪场',-150,'admin',1470797326,100,30);
Insert into CM_TARGET (ID,TARGET_NAME,TARGET_SCORE,AUTHOR,PUBDATE,DATELINE,PART_ID) values (52,'违禁使用农药',-150,'admin',1470797358,100,30);
Insert into CM_TARGET (ID,TARGET_NAME,TARGET_SCORE,AUTHOR,PUBDATE,DATELINE,PART_ID) values (53,'电、毒、炸等非法捕捞',-150,'admin',1470797337,100,30);
Insert into CM_TARGET (ID,TARGET_NAME,TARGET_SCORE,AUTHOR,PUBDATE,DATELINE,PART_ID) values (54,'其他违反综合管理规定的行为',-200,'admin',1470797436,100,16);
Insert into CM_TARGET (ID,TARGET_NAME,TARGET_SCORE,AUTHOR,PUBDATE,DATELINE,PART_ID) values (55,'食品安全事故责任',-200,'admin',1470797432,100,24);
Insert into CM_TARGET (ID,TARGET_NAME,TARGET_SCORE,AUTHOR,PUBDATE,DATELINE,PART_ID) values (56,'非正常上访、非正常集访',-200,'admin',1470797426,100,23);
Insert into CM_TARGET (ID,TARGET_NAME,TARGET_SCORE,AUTHOR,PUBDATE,DATELINE,PART_ID) values (57,'新增违法用地、违法建筑',-200,'admin',1470797292,100,32);
Insert into CM_TARGET (ID,TARGET_NAME,TARGET_SCORE,AUTHOR,PUBDATE,DATELINE,PART_ID) values (58,'受到各类行政入罚',-200,'admin',1470797406,100,19);
Insert into CM_TARGET (ID,TARGET_NAME,TARGET_SCORE,AUTHOR,PUBDATE,DATELINE,PART_ID) values (59,'其他承担社会责任、保护生态环境的行为',50,'admin',1470797420,100,16);
Insert into CM_TARGET (ID,TARGET_NAME,TARGET_SCORE,AUTHOR,PUBDATE,DATELINE,PART_ID) values (60,'慈善捐助',50,'admin',1470797371,100,30);
Insert into CM_TARGET (ID,TARGET_NAME,TARGET_SCORE,AUTHOR,PUBDATE,DATELINE,PART_ID) values (61,'志愿服务',50,'admin',1470797381,100,30);
Insert into CM_TARGET (ID,TARGET_NAME,TARGET_SCORE,AUTHOR,PUBDATE,DATELINE,PART_ID) values (62,'义务献血',100,'admin',1470797414,100,15);
Insert into CM_TARGET (ID,TARGET_NAME,TARGET_SCORE,AUTHOR,PUBDATE,DATELINE,PART_ID) values (63,'见义勇为',200,'admin',1470797396,100,25);

---------------------------------------------------
--   END DATA FOR TABLE CM_TARGET
---------------------------------------------------

---------------------------------------------------
--   DATA FOR TABLE CM_LEVEL
--   FILTER = none used
---------------------------------------------------
REM INSERTING into CM_LEVEL
Insert into CM_LEVEL (ID,LEVEL_SCORE,LEVEL_NAME,AUTHOR,PUBDATE) values (15,'-9999','B','admin',1470797553);
Insert into CM_LEVEL (ID,LEVEL_SCORE,LEVEL_NAME,AUTHOR,PUBDATE) values (7,'1000','A','admin',1462682749);
Insert into CM_LEVEL (ID,LEVEL_SCORE,LEVEL_NAME,AUTHOR,PUBDATE) values (8,'1200','AA','admin',1462682931);
Insert into CM_LEVEL (ID,LEVEL_SCORE,LEVEL_NAME,AUTHOR,PUBDATE) values (11,'1400','AAA','cm',1463626283);
Insert into CM_LEVEL (ID,LEVEL_SCORE,LEVEL_NAME,AUTHOR,PUBDATE) values (12,'1600','AAAA','cm',1463626299);
Insert into CM_LEVEL (ID,LEVEL_SCORE,LEVEL_NAME,AUTHOR,PUBDATE) values (13,'1800','AAAAA','cm',1463626308);

---------------------------------------------------
--   END DATA FOR TABLE CM_LEVEL
---------------------------------------------------

---------------------------------------------------
--   DATA FOR TABLE CM_COUNTRY
--   FILTER = none used
---------------------------------------------------
REM INSERTING into CM_COUNTRY
Insert into CM_COUNTRY (ID,PARENTID,DISPLAY_ORDER,NAME,CONTACT,PHONE,PUBDATE,AUTHOR) values (234,0,null,'港沿镇','1','1',1470381100,'admin');
Insert into CM_COUNTRY (ID,PARENTID,DISPLAY_ORDER,NAME,CONTACT,PHONE,PUBDATE,AUTHOR) values (34,0,null,'堡镇','李总','1',1469502334,'admin');
Insert into CM_COUNTRY (ID,PARENTID,DISPLAY_ORDER,NAME,CONTACT,PHONE,PUBDATE,AUTHOR) values (225,0,null,'绿华镇 ','1','1',1470380963,'admin');
Insert into CM_COUNTRY (ID,PARENTID,DISPLAY_ORDER,NAME,CONTACT,PHONE,PUBDATE,AUTHOR) values (230,0,null,'城桥镇','1','1',1470381043,'admin');
Insert into CM_COUNTRY (ID,PARENTID,DISPLAY_ORDER,NAME,CONTACT,PHONE,PUBDATE,AUTHOR) values (238,223,null,'丰乐村','1','1',1470381278,'admin');
Insert into CM_COUNTRY (ID,PARENTID,DISPLAY_ORDER,NAME,CONTACT,PHONE,PUBDATE,AUTHOR) values (241,223,null,'新春村','1','1',1470381328,'admin');
Insert into CM_COUNTRY (ID,PARENTID,DISPLAY_ORDER,NAME,CONTACT,PHONE,PUBDATE,AUTHOR) values (248,223,null,'红旗村','1','1',1470381455,'admin');
Insert into CM_COUNTRY (ID,PARENTID,DISPLAY_ORDER,NAME,CONTACT,PHONE,PUBDATE,AUTHOR) values (250,223,null,'永胜村','1','1',1470381485,'admin');
Insert into CM_COUNTRY (ID,PARENTID,DISPLAY_ORDER,NAME,CONTACT,PHONE,PUBDATE,AUTHOR) values (255,223,null,'兴隆村','1','1',1470381555,'admin');
Insert into CM_COUNTRY (ID,PARENTID,DISPLAY_ORDER,NAME,CONTACT,PHONE,PUBDATE,AUTHOR) values (260,223,null,'东兴村','1','1',1470381628,'admin');
Insert into CM_COUNTRY (ID,PARENTID,DISPLAY_ORDER,NAME,CONTACT,PHONE,PUBDATE,AUTHOR) values (270,224,null,'团结村','1','1',1470381820,'admin');
Insert into CM_COUNTRY (ID,PARENTID,DISPLAY_ORDER,NAME,CONTACT,PHONE,PUBDATE,AUTHOR) values (272,224,0,'建新村','1','1',1470381855,'admin');
Insert into CM_COUNTRY (ID,PARENTID,DISPLAY_ORDER,NAME,CONTACT,PHONE,PUBDATE,AUTHOR) values (280,224,null,'庆丰村','1','1',1470381957,'admin');
Insert into CM_COUNTRY (ID,PARENTID,DISPLAY_ORDER,NAME,CONTACT,PHONE,PUBDATE,AUTHOR) values (283,224,null,'农建村','1','1',1470381988,'admin');
Insert into CM_COUNTRY (ID,PARENTID,DISPLAY_ORDER,NAME,CONTACT,PHONE,PUBDATE,AUTHOR) values (290,225,null,'华荣村','1','1',1470382139,'admin');
Insert into CM_COUNTRY (ID,PARENTID,DISPLAY_ORDER,NAME,CONTACT,PHONE,PUBDATE,AUTHOR) values (300,227,null,'东安村','1','1',1470382429,'admin');
Insert into CM_COUNTRY (ID,PARENTID,DISPLAY_ORDER,NAME,CONTACT,PHONE,PUBDATE,AUTHOR) values (302,227,null,'海洪港村','1','1',1470382455,'admin');
Insert into CM_COUNTRY (ID,PARENTID,DISPLAY_ORDER,NAME,CONTACT,PHONE,PUBDATE,AUTHOR) values (308,227,null,'育新村','1','1',1470383884,'admin');
Insert into CM_COUNTRY (ID,PARENTID,DISPLAY_ORDER,NAME,CONTACT,PHONE,PUBDATE,AUTHOR) values (309,227,null,'南桥村','1','1',1470383894,'admin');
Insert into CM_COUNTRY (ID,PARENTID,DISPLAY_ORDER,NAME,CONTACT,PHONE,PUBDATE,AUTHOR) values (311,227,null,'纯阳村','1','1',1470383909,'admin');
Insert into CM_COUNTRY (ID,PARENTID,DISPLAY_ORDER,NAME,CONTACT,PHONE,PUBDATE,AUTHOR) values (319,228,null,'合中村','1','1',1470384067,'admin');
Insert into CM_COUNTRY (ID,PARENTID,DISPLAY_ORDER,NAME,CONTACT,PHONE,PUBDATE,AUTHOR) values (325,228,null,'江镇村','1','1',1470384139,'admin');
Insert into CM_COUNTRY (ID,PARENTID,DISPLAY_ORDER,NAME,CONTACT,PHONE,PUBDATE,AUTHOR) values (330,228,null,'小竖村','1','1',1470384200,'admin');
Insert into CM_COUNTRY (ID,PARENTID,DISPLAY_ORDER,NAME,CONTACT,PHONE,PUBDATE,AUTHOR) values (335,228,null,'和平村','1','1',1470384261,'admin');
Insert into CM_COUNTRY (ID,PARENTID,DISPLAY_ORDER,NAME,CONTACT,PHONE,PUBDATE,AUTHOR) values (340,228,null,'鸽龙村','1','1',1470384309,'admin');
Insert into CM_COUNTRY (ID,PARENTID,DISPLAY_ORDER,NAME,CONTACT,PHONE,PUBDATE,AUTHOR) values (342,228,null,'保东村','1','1',1470384329,'admin');
Insert into CM_COUNTRY (ID,PARENTID,DISPLAY_ORDER,NAME,CONTACT,PHONE,PUBDATE,AUTHOR) values (345,228,null,'启瀛村','1','1',1470384357,'admin');
Insert into CM_COUNTRY (ID,PARENTID,DISPLAY_ORDER,NAME,CONTACT,PHONE,PUBDATE,AUTHOR) values (349,229,null,'协西村','1','1',1470384522,'admin');
Insert into CM_COUNTRY (ID,PARENTID,DISPLAY_ORDER,NAME,CONTACT,PHONE,PUBDATE,AUTHOR) values (353,229,null,'盘西村','1','1',1470384579,'admin');
Insert into CM_COUNTRY (ID,PARENTID,DISPLAY_ORDER,NAME,CONTACT,PHONE,PUBDATE,AUTHOR) values (363,230,null,'马桥村','1','1',1470384725,'admin');
Insert into CM_COUNTRY (ID,PARENTID,DISPLAY_ORDER,NAME,CONTACT,PHONE,PUBDATE,AUTHOR) values (368,230,null,'利民村','1','1',1470384789,'admin');
Insert into CM_COUNTRY (ID,PARENTID,DISPLAY_ORDER,NAME,CONTACT,PHONE,PUBDATE,AUTHOR) values (373,231,null,'大同村','1','1',1470384930,'admin');
Insert into CM_COUNTRY (ID,PARENTID,DISPLAY_ORDER,NAME,CONTACT,PHONE,PUBDATE,AUTHOR) values (378,231,null,'建垦村','1','1',1470385031,'admin');
Insert into CM_COUNTRY (ID,PARENTID,DISPLAY_ORDER,NAME,CONTACT,PHONE,PUBDATE,AUTHOR) values (380,231,null,'界东村','1','1',1470385051,'admin');
Insert into CM_COUNTRY (ID,PARENTID,DISPLAY_ORDER,NAME,CONTACT,PHONE,PUBDATE,AUTHOR) values (383,231,null,'富安村','1','1',1470385079,'admin');
Insert into CM_COUNTRY (ID,PARENTID,DISPLAY_ORDER,NAME,CONTACT,PHONE,PUBDATE,AUTHOR) values (388,232,null,'石路村','1','1',1470385188,'admin');
Insert into CM_COUNTRY (ID,PARENTID,DISPLAY_ORDER,NAME,CONTACT,PHONE,PUBDATE,AUTHOR) values (393,232,null,'卫东村','1','1',1470385246,'admin');
Insert into CM_COUNTRY (ID,PARENTID,DISPLAY_ORDER,NAME,CONTACT,PHONE,PUBDATE,AUTHOR) values (398,232,null,'民生村','1','1',1470385313,'admin');
Insert into CM_COUNTRY (ID,PARENTID,DISPLAY_ORDER,NAME,CONTACT,PHONE,PUBDATE,AUTHOR) values (402,232,null,'井亭村','1','1',1470385355,'admin');
Insert into CM_COUNTRY (ID,PARENTID,DISPLAY_ORDER,NAME,CONTACT,PHONE,PUBDATE,AUTHOR) values (403,233,null,'仙桥村','1','1',1470385477,'admin');
Insert into CM_COUNTRY (ID,PARENTID,DISPLAY_ORDER,NAME,CONTACT,PHONE,PUBDATE,AUTHOR) values (408,233,null,'东新村','1','1',1470385544,'admin');
Insert into CM_COUNTRY (ID,PARENTID,DISPLAY_ORDER,NAME,CONTACT,PHONE,PUBDATE,AUTHOR) values (413,233,null,'跃进村','1','1',1470385604,'admin');
Insert into CM_COUNTRY (ID,PARENTID,DISPLAY_ORDER,NAME,CONTACT,PHONE,PUBDATE,AUTHOR) values (419,233,null,'大东村','1','1',1470618568,'admin');
Insert into CM_COUNTRY (ID,PARENTID,DISPLAY_ORDER,NAME,CONTACT,PHONE,PUBDATE,AUTHOR) values (420,233,null,'竖西村','1','1',1470618576,'admin');
Insert into CM_COUNTRY (ID,PARENTID,DISPLAY_ORDER,NAME,CONTACT,PHONE,PUBDATE,AUTHOR) values (428,34,null,'财贸村','1','1',1470619329,'admin');
Insert into CM_COUNTRY (ID,PARENTID,DISPLAY_ORDER,NAME,CONTACT,PHONE,PUBDATE,AUTHOR) values (439,34,null,'小漾村','1','1',1470619428,'admin');
Insert into CM_COUNTRY (ID,PARENTID,DISPLAY_ORDER,NAME,CONTACT,PHONE,PUBDATE,AUTHOR) values (440,34,null,'彷徨村','1','1',1470619436,'admin');
Insert into CM_COUNTRY (ID,PARENTID,DISPLAY_ORDER,NAME,CONTACT,PHONE,PUBDATE,AUTHOR) values (448,234,null,'漾滨村','1','1',1470619603,'admin');
Insert into CM_COUNTRY (ID,PARENTID,DISPLAY_ORDER,NAME,CONTACT,PHONE,PUBDATE,AUTHOR) values (453,234,null,'富强村','1','1',1470619654,'admin');
Insert into CM_COUNTRY (ID,PARENTID,DISPLAY_ORDER,NAME,CONTACT,PHONE,PUBDATE,AUTHOR) values (457,234,null,'鲁东村','1','1',1470619697,'admin');
Insert into CM_COUNTRY (ID,PARENTID,DISPLAY_ORDER,NAME,CONTACT,PHONE,PUBDATE,AUTHOR) values (467,235,null,'齐南村','1','1',1470619854,'admin');
Insert into CM_COUNTRY (ID,PARENTID,DISPLAY_ORDER,NAME,CONTACT,PHONE,PUBDATE,AUTHOR) values (471,235,null,'北港村','1','1',1470619900,'admin');
Insert into CM_COUNTRY (ID,PARENTID,DISPLAY_ORDER,NAME,CONTACT,PHONE,PUBDATE,AUTHOR) values (476,236,null,'永隆村','1','1',1470620004,'admin');
Insert into CM_COUNTRY (ID,PARENTID,DISPLAY_ORDER,NAME,CONTACT,PHONE,PUBDATE,AUTHOR) values (478,236,null,'滧中村','1','1',1470620024,'admin');
Insert into CM_COUNTRY (ID,PARENTID,DISPLAY_ORDER,NAME,CONTACT,PHONE,PUBDATE,AUTHOR) values (481,236,null,'七滧村','1','1',1470620051,'admin');
Insert into CM_COUNTRY (ID,PARENTID,DISPLAY_ORDER,NAME,CONTACT,PHONE,PUBDATE,AUTHOR) values (487,237,null,'展宏村','1','1',1470620160,'admin');
Insert into CM_COUNTRY (ID,PARENTID,DISPLAY_ORDER,NAME,CONTACT,PHONE,PUBDATE,AUTHOR) values (495,237,null,'陈西村','1','1',1470620261,'admin');
Insert into CM_COUNTRY (ID,PARENTID,DISPLAY_ORDER,NAME,CONTACT,PHONE,PUBDATE,AUTHOR) values (497,237,null,'陈南村','1','1',1470620283,'admin');
Insert into CM_COUNTRY (ID,PARENTID,DISPLAY_ORDER,NAME,CONTACT,PHONE,PUBDATE,AUTHOR) values (500,237,null,'朝阳村','1','1',1470620308,'admin');
Insert into CM_COUNTRY (ID,PARENTID,DISPLAY_ORDER,NAME,CONTACT,PHONE,PUBDATE,AUTHOR) values (505,237,null,'裕北村','1','1',1470620364,'admin');
Insert into CM_COUNTRY (ID,PARENTID,DISPLAY_ORDER,NAME,CONTACT,PHONE,PUBDATE,AUTHOR) values (226,0,null,'新村乡  ','1','1',1470380980,'admin');
Insert into CM_COUNTRY (ID,PARENTID,DISPLAY_ORDER,NAME,CONTACT,PHONE,PUBDATE,AUTHOR) values (235,0,null,'向化镇','1','1',1470381114,'admin');
Insert into CM_COUNTRY (ID,PARENTID,DISPLAY_ORDER,NAME,CONTACT,PHONE,PUBDATE,AUTHOR) values (236,0,null,'中兴镇','1','1',1470381126,'admin');
Insert into CM_COUNTRY (ID,PARENTID,DISPLAY_ORDER,NAME,CONTACT,PHONE,PUBDATE,AUTHOR) values (239,223,null,'东浜村','1','1',1470381294,'admin');
Insert into CM_COUNTRY (ID,PARENTID,DISPLAY_ORDER,NAME,CONTACT,PHONE,PUBDATE,AUTHOR) values (245,223,null,'新北村','1','1',1470381409,'admin');
Insert into CM_COUNTRY (ID,PARENTID,DISPLAY_ORDER,NAME,CONTACT,PHONE,PUBDATE,AUTHOR) values (249,223,null,'富民村','1','1',1470381470,'admin');
Insert into CM_COUNTRY (ID,PARENTID,DISPLAY_ORDER,NAME,CONTACT,PHONE,PUBDATE,AUTHOR) values (251,223,null,'新永村','1','1',1470381498,'admin');
Insert into CM_COUNTRY (ID,PARENTID,DISPLAY_ORDER,NAME,CONTACT,PHONE,PUBDATE,AUTHOR) values (256,223,null,'永发村','1','1111',1470381570,'admin');
Insert into CM_COUNTRY (ID,PARENTID,DISPLAY_ORDER,NAME,CONTACT,PHONE,PUBDATE,AUTHOR) values (266,224,null,'创建村','1','1',1470381777,'admin');
Insert into CM_COUNTRY (ID,PARENTID,DISPLAY_ORDER,NAME,CONTACT,PHONE,PUBDATE,AUTHOR) values (271,224,null,'石沙村','1','1',1470381830,'admin');
Insert into CM_COUNTRY (ID,PARENTID,DISPLAY_ORDER,NAME,CONTACT,PHONE,PUBDATE,AUTHOR) values (274,224,null,'红星村','1','1',1470381896,'admin');
Insert into CM_COUNTRY (ID,PARENTID,DISPLAY_ORDER,NAME,CONTACT,PHONE,PUBDATE,AUTHOR) values (279,224,null,'长明村','1','1',1470381948,'admin');
Insert into CM_COUNTRY (ID,PARENTID,DISPLAY_ORDER,NAME,CONTACT,PHONE,PUBDATE,AUTHOR) values (284,224,null,'同心村','1','1',1470381998,'admin');
Insert into CM_COUNTRY (ID,PARENTID,DISPLAY_ORDER,NAME,CONTACT,PHONE,PUBDATE,AUTHOR) values (289,225,null,'华渔村','1','1',1470382130,'admin');
Insert into CM_COUNTRY (ID,PARENTID,DISPLAY_ORDER,NAME,CONTACT,PHONE,PUBDATE,AUTHOR) values (292,226,null,'新中村','1','1',1470382236,'admin');
Insert into CM_COUNTRY (ID,PARENTID,DISPLAY_ORDER,NAME,CONTACT,PHONE,PUBDATE,AUTHOR) values (298,227,null,'沈镇村','1','1',1470382396,'admin');
Insert into CM_COUNTRY (ID,PARENTID,DISPLAY_ORDER,NAME,CONTACT,PHONE,PUBDATE,AUTHOR) values (301,227,null,'大平村','1','1',1470382441,'admin');
Insert into CM_COUNTRY (ID,PARENTID,DISPLAY_ORDER,NAME,CONTACT,PHONE,PUBDATE,AUTHOR) values (303,227,null,'洪海村','1','1',1470382468,'admin');
Insert into CM_COUNTRY (ID,PARENTID,DISPLAY_ORDER,NAME,CONTACT,PHONE,PUBDATE,AUTHOR) values (307,227,null,'西新村','1','1',1470383876,'admin');
Insert into CM_COUNTRY (ID,PARENTID,DISPLAY_ORDER,NAME,CONTACT,PHONE,PUBDATE,AUTHOR) values (312,227,null,'海安村','1','1',1470383920,'admin');
Insert into CM_COUNTRY (ID,PARENTID,DISPLAY_ORDER,NAME,CONTACT,PHONE,PUBDATE,AUTHOR) values (320,228,null,'通济村','1','1',1470384077,'admin');
Insert into CM_COUNTRY (ID,PARENTID,DISPLAY_ORDER,NAME,CONTACT,PHONE,PUBDATE,AUTHOR) values (321,228,null,'南星村','1','1',1470384092,'admin');
Insert into CM_COUNTRY (ID,PARENTID,DISPLAY_ORDER,NAME,CONTACT,PHONE,PUBDATE,AUTHOR) values (326,228,null,'窑桥村','1','1',1470384150,'admin');
Insert into CM_COUNTRY (ID,PARENTID,DISPLAY_ORDER,NAME,CONTACT,PHONE,PUBDATE,AUTHOR) values (331,228,null,'猛东村','1','1',1470384210,'admin');
Insert into CM_COUNTRY (ID,PARENTID,DISPLAY_ORDER,NAME,CONTACT,PHONE,PUBDATE,AUTHOR) values (336,229,null,'庙中村','1','1',1470384272,'admin');
Insert into CM_COUNTRY (ID,PARENTID,DISPLAY_ORDER,NAME,CONTACT,PHONE,PUBDATE,AUTHOR) values (346,228,null,'米洪村','1','1',1470384365,'admin');
Insert into CM_COUNTRY (ID,PARENTID,DISPLAY_ORDER,NAME,CONTACT,PHONE,PUBDATE,AUTHOR) values (348,229,null,'北双村','1','1',1470384507,'admin');
Insert into CM_COUNTRY (ID,PARENTID,DISPLAY_ORDER,NAME,CONTACT,PHONE,PUBDATE,AUTHOR) values (354,229,null,'排衙村','1','1',1470384589,'admin');
Insert into CM_COUNTRY (ID,PARENTID,DISPLAY_ORDER,NAME,CONTACT,PHONE,PUBDATE,AUTHOR) values (364,230,null,'老滧港渔村','1','1',1470384749,'admin');
Insert into CM_COUNTRY (ID,PARENTID,DISPLAY_ORDER,NAME,CONTACT,PHONE,PUBDATE,AUTHOR) values (369,230,null,'城桥村','1','1',1470384802,'admin');
Insert into CM_COUNTRY (ID,PARENTID,DISPLAY_ORDER,NAME,CONTACT,PHONE,PUBDATE,AUTHOR) values (374,231,null,'蟠南村','1','1',1470384954,'admin');
Insert into CM_COUNTRY (ID,PARENTID,DISPLAY_ORDER,NAME,CONTACT,PHONE,PUBDATE,AUTHOR) values (375,231,null,'浜西村','1','1',1470384966,'admin');
Insert into CM_COUNTRY (ID,PARENTID,DISPLAY_ORDER,NAME,CONTACT,PHONE,PUBDATE,AUTHOR) values (384,231,null,'运南村','1','1',1470385092,'admin');
Insert into CM_COUNTRY (ID,PARENTID,DISPLAY_ORDER,NAME,CONTACT,PHONE,PUBDATE,AUTHOR) values (386,232,null,'新民村','1','1',1470385161,'admin');
Insert into CM_COUNTRY (ID,PARENTID,DISPLAY_ORDER,NAME,CONTACT,PHONE,PUBDATE,AUTHOR) values (389,232,null,'强民村','1','1',1470385201,'admin');
Insert into CM_COUNTRY (ID,PARENTID,DISPLAY_ORDER,NAME,CONTACT,PHONE,PUBDATE,AUTHOR) values (394,232,null,'新梅村','1','1',1470385260,'admin');
Insert into CM_COUNTRY (ID,PARENTID,DISPLAY_ORDER,NAME,CONTACT,PHONE,PUBDATE,AUTHOR) values (401,232,null,'新光村','1','1',1470385345,'admin');
Insert into CM_COUNTRY (ID,PARENTID,DISPLAY_ORDER,NAME,CONTACT,PHONE,PUBDATE,AUTHOR) values (404,233,null,'惠民村','1','1',1470385489,'admin');
Insert into CM_COUNTRY (ID,PARENTID,DISPLAY_ORDER,NAME,CONTACT,PHONE,PUBDATE,AUTHOR) values (409,233,null,'前哨村','1','1',1470385556,'admin');
Insert into CM_COUNTRY (ID,PARENTID,DISPLAY_ORDER,NAME,CONTACT,PHONE,PUBDATE,AUTHOR) values (414,233,null,'时桥村','1','1',1470385612,'admin');
Insert into CM_COUNTRY (ID,PARENTID,DISPLAY_ORDER,NAME,CONTACT,PHONE,PUBDATE,AUTHOR) values (422,233,null,'永兴村','1','1',1470618593,'admin');
Insert into CM_COUNTRY (ID,PARENTID,DISPLAY_ORDER,NAME,CONTACT,PHONE,PUBDATE,AUTHOR) values (424,34,null,'人民村','1','1',1470619267,'admin');
Insert into CM_COUNTRY (ID,PARENTID,DISPLAY_ORDER,NAME,CONTACT,PHONE,PUBDATE,AUTHOR) values (429,34,null,'四滧村','1','1',1470619336,'admin');
Insert into CM_COUNTRY (ID,PARENTID,DISPLAY_ORDER,NAME,CONTACT,PHONE,PUBDATE,AUTHOR) values (434,34,null,'五滧村','1','1',1470619385,'admin');
Insert into CM_COUNTRY (ID,PARENTID,DISPLAY_ORDER,NAME,CONTACT,PHONE,PUBDATE,AUTHOR) values (443,234,null,'富军村','1','1',1470619541,'admin');
Insert into CM_COUNTRY (ID,PARENTID,DISPLAY_ORDER,NAME,CONTACT,PHONE,PUBDATE,AUTHOR) values (449,234,null,'合兴村','1','1',1470619614,'admin');
Insert into CM_COUNTRY (ID,PARENTID,DISPLAY_ORDER,NAME,CONTACT,PHONE,PUBDATE,AUTHOR) values (454,234,null,'建中村','1','1',1470619669,'admin');
Insert into CM_COUNTRY (ID,PARENTID,DISPLAY_ORDER,NAME,CONTACT,PHONE,PUBDATE,AUTHOR) values (455,234,null,'齐力村','1','1',1470619679,'admin');
Insert into CM_COUNTRY (ID,PARENTID,DISPLAY_ORDER,NAME,CONTACT,PHONE,PUBDATE,AUTHOR) values (458,234,null,'园艺村','1','1',1470619707,'admin');
Insert into CM_COUNTRY (ID,PARENTID,DISPLAY_ORDER,NAME,CONTACT,PHONE,PUBDATE,AUTHOR) values (463,235,null,'春光村','1','1',1470619819,'admin');
Insert into CM_COUNTRY (ID,PARENTID,DISPLAY_ORDER,NAME,CONTACT,PHONE,PUBDATE,AUTHOR) values (472,235,null,'卫星村','1','1',1470619908,'admin');
Insert into CM_COUNTRY (ID,PARENTID,DISPLAY_ORDER,NAME,CONTACT,PHONE,PUBDATE,AUTHOR) values (473,235,null,'六滧村','1','1',1470619916,'admin');
Insert into CM_COUNTRY (ID,PARENTID,DISPLAY_ORDER,NAME,CONTACT,PHONE,PUBDATE,AUTHOR) values (477,236,null,'中兴村','1','1',1470620012,'admin');
Insert into CM_COUNTRY (ID,PARENTID,DISPLAY_ORDER,NAME,CONTACT,PHONE,PUBDATE,AUTHOR) values (482,236,null,'永南村','1','1',1470620059,'admin');
Insert into CM_COUNTRY (ID,PARENTID,DISPLAY_ORDER,NAME,CONTACT,PHONE,PUBDATE,AUTHOR) values (490,237,null,'立新村','1','1',1470620205,'admin');
Insert into CM_COUNTRY (ID,PARENTID,DISPLAY_ORDER,NAME,CONTACT,PHONE,PUBDATE,AUTHOR) values (496,237,null,'裕西村','1','1',1470620272,'admin');
Insert into CM_COUNTRY (ID,PARENTID,DISPLAY_ORDER,NAME,CONTACT,PHONE,PUBDATE,AUTHOR) values (501,237,null,'奚渔村','1','1',1470620318,'admin');
Insert into CM_COUNTRY (ID,PARENTID,DISPLAY_ORDER,NAME,CONTACT,PHONE,PUBDATE,AUTHOR) values (506,237,null,'铁塔村','1','1',1470620371,'admin');
Insert into CM_COUNTRY (ID,PARENTID,DISPLAY_ORDER,NAME,CONTACT,PHONE,PUBDATE,AUTHOR) values (232,0,null,'新河镇','1','1',1470381067,'admin');
Insert into CM_COUNTRY (ID,PARENTID,DISPLAY_ORDER,NAME,CONTACT,PHONE,PUBDATE,AUTHOR) values (227,0,null,' 三星镇 ','1','1',1470380995,'admin');
Insert into CM_COUNTRY (ID,PARENTID,DISPLAY_ORDER,NAME,CONTACT,PHONE,PUBDATE,AUTHOR) values (237,0,null,'陈家镇','1','1',1470381142,'admin');
Insert into CM_COUNTRY (ID,PARENTID,DISPLAY_ORDER,NAME,CONTACT,PHONE,PUBDATE,AUTHOR) values (242,223,null,'增产村','1','1',1470381352,'admin');
Insert into CM_COUNTRY (ID,PARENTID,DISPLAY_ORDER,NAME,CONTACT,PHONE,PUBDATE,AUTHOR) values (243,223,0,'公平村','1','1',1470381381,'admin');
Insert into CM_COUNTRY (ID,PARENTID,DISPLAY_ORDER,NAME,CONTACT,PHONE,PUBDATE,AUTHOR) values (247,223,null,'兴胜村','1','1',1470381440,'admin');
Insert into CM_COUNTRY (ID,PARENTID,DISPLAY_ORDER,NAME,CONTACT,PHONE,PUBDATE,AUTHOR) values (252,223,null,'民建村','1','1',1470381513,'admin');
Insert into CM_COUNTRY (ID,PARENTID,DISPLAY_ORDER,NAME,CONTACT,PHONE,PUBDATE,AUTHOR) values (257,223,null,'江海村','1','1',1470381583,'admin');
Insert into CM_COUNTRY (ID,PARENTID,DISPLAY_ORDER,NAME,CONTACT,PHONE,PUBDATE,AUTHOR) values (262,224,null,'长征村','1','1',1470381733,'admin');
Insert into CM_COUNTRY (ID,PARENTID,DISPLAY_ORDER,NAME,CONTACT,PHONE,PUBDATE,AUTHOR) values (267,224,null,'圆东村','1','1',1470381788,'admin');
Insert into CM_COUNTRY (ID,PARENTID,DISPLAY_ORDER,NAME,CONTACT,PHONE,PUBDATE,AUTHOR) values (275,224,null,'大兴村','1','1',1470381909,'admin');
Insert into CM_COUNTRY (ID,PARENTID,DISPLAY_ORDER,NAME,CONTACT,PHONE,PUBDATE,AUTHOR) values (278,224,null,'丰产村','1','1',1470381937,'admin');
Insert into CM_COUNTRY (ID,PARENTID,DISPLAY_ORDER,NAME,CONTACT,PHONE,PUBDATE,AUTHOR) values (285,225,null,'华西村','1','1',1470382091,'admin');
Insert into CM_COUNTRY (ID,PARENTID,DISPLAY_ORDER,NAME,CONTACT,PHONE,PUBDATE,AUTHOR) values (288,225,null,'绿湖村','1','1',1470382120,'admin');
Insert into CM_COUNTRY (ID,PARENTID,DISPLAY_ORDER,NAME,CONTACT,PHONE,PUBDATE,AUTHOR) values (293,226,null,'新洲村','1','1',1470382245,'admin');
Insert into CM_COUNTRY (ID,PARENTID,DISPLAY_ORDER,NAME,CONTACT,PHONE,PUBDATE,AUTHOR) values (295,226,null,'新乐村','1','1',1470382265,'admin');
Insert into CM_COUNTRY (ID,PARENTID,DISPLAY_ORDER,NAME,CONTACT,PHONE,PUBDATE,AUTHOR) values (299,227,null,'平安村','1','1',1470382413,'admin');
Insert into CM_COUNTRY (ID,PARENTID,DISPLAY_ORDER,NAME,CONTACT,PHONE,PUBDATE,AUTHOR) values (306,227,null,'南协村','1','1',1470382504,'admin');
Insert into CM_COUNTRY (ID,PARENTID,DISPLAY_ORDER,NAME,CONTACT,PHONE,PUBDATE,AUTHOR) values (310,227,null,'育德村','1','1',1470383901,'admin');
Insert into CM_COUNTRY (ID,PARENTID,DISPLAY_ORDER,NAME,CONTACT,PHONE,PUBDATE,AUTHOR) values (313,227,null,'北桥村','1','1',1470383928,'admin');
Insert into CM_COUNTRY (ID,PARENTID,DISPLAY_ORDER,NAME,CONTACT,PHONE,PUBDATE,AUTHOR) values (317,227,null,'协进村','1','1',1470383978,'admin');
Insert into CM_COUNTRY (ID,PARENTID,DISPLAY_ORDER,NAME,CONTACT,PHONE,PUBDATE,AUTHOR) values (322,228,null,'镇东村','1','1',1470384106,'admin');
Insert into CM_COUNTRY (ID,PARENTID,DISPLAY_ORDER,NAME,CONTACT,PHONE,PUBDATE,AUTHOR) values (327,228,null,'庙港村','1','1',1470384160,'admin');
Insert into CM_COUNTRY (ID,PARENTID,DISPLAY_ORDER,NAME,CONTACT,PHONE,PUBDATE,AUTHOR) values (332,228,null,'民华村','1','1',1470384223,'admin');
Insert into CM_COUNTRY (ID,PARENTID,DISPLAY_ORDER,NAME,CONTACT,PHONE,PUBDATE,AUTHOR) values (337,228,null,'庙西村','1','1',1470384282,'admin');
Insert into CM_COUNTRY (ID,PARENTID,DISPLAY_ORDER,NAME,CONTACT,PHONE,PUBDATE,AUTHOR) values (347,229,null,'静南村','1','1',1470384484,'admin');
Insert into CM_COUNTRY (ID,PARENTID,DISPLAY_ORDER,NAME,CONTACT,PHONE,PUBDATE,AUTHOR) values (352,229,null,'富民村','1','1',1470384569,'admin');
Insert into CM_COUNTRY (ID,PARENTID,DISPLAY_ORDER,NAME,CONTACT,PHONE,PUBDATE,AUTHOR) values (355,229,null,'双津村','1','1',1470384597,'admin');
Insert into CM_COUNTRY (ID,PARENTID,DISPLAY_ORDER,NAME,CONTACT,PHONE,PUBDATE,AUTHOR) values (360,230,null,'长兴村','1','1',1470384692,'admin');
Insert into CM_COUNTRY (ID,PARENTID,DISPLAY_ORDER,NAME,CONTACT,PHONE,PUBDATE,AUTHOR) values (365,230,null,'推虾港村','1','1',1470384758,'admin');
Insert into CM_COUNTRY (ID,PARENTID,DISPLAY_ORDER,NAME,CONTACT,PHONE,PUBDATE,AUTHOR) values (370,230,null,'湾南村','1','1',1470384811,'admin');
Insert into CM_COUNTRY (ID,PARENTID,DISPLAY_ORDER,NAME,CONTACT,PHONE,PUBDATE,AUTHOR) values (377,231,null,'浜东村','1','1',1470385022,'admin');
Insert into CM_COUNTRY (ID,PARENTID,DISPLAY_ORDER,NAME,CONTACT,PHONE,PUBDATE,AUTHOR) values (385,231,null,'效东村','1','1',1470385100,'admin');
Insert into CM_COUNTRY (ID,PARENTID,DISPLAY_ORDER,NAME,CONTACT,PHONE,PUBDATE,AUTHOR) values (390,232,null,'新建村','1','1',1470385213,'admin');
Insert into CM_COUNTRY (ID,PARENTID,DISPLAY_ORDER,NAME,CONTACT,PHONE,PUBDATE,AUTHOR) values (391,232,null,'金桥村','1','1',1470385224,'admin');
Insert into CM_COUNTRY (ID,PARENTID,DISPLAY_ORDER,NAME,CONTACT,PHONE,PUBDATE,AUTHOR) values (399,232,null,'进化村','1','1',1470385322,'admin');
Insert into CM_COUNTRY (ID,PARENTID,DISPLAY_ORDER,NAME,CONTACT,PHONE,PUBDATE,AUTHOR) values (405,233,null,'响同村','1','1',1470385504,'admin');
Insert into CM_COUNTRY (ID,PARENTID,DISPLAY_ORDER,NAME,CONTACT,PHONE,PUBDATE,AUTHOR) values (410,233,null,'前卫村','1','1',1470385570,'admin');
Insert into CM_COUNTRY (ID,PARENTID,DISPLAY_ORDER,NAME,CONTACT,PHONE,PUBDATE,AUTHOR) values (415,233,null,'竖南村','1','1',1470385627,'admin');
Insert into CM_COUNTRY (ID,PARENTID,DISPLAY_ORDER,NAME,CONTACT,PHONE,PUBDATE,AUTHOR) values (417,233,null,'竖河村','1','1',1470385649,'admin');
Insert into CM_COUNTRY (ID,PARENTID,DISPLAY_ORDER,NAME,CONTACT,PHONE,PUBDATE,AUTHOR) values (425,34,null,'花园村','1','1',1470619302,'admin');
Insert into CM_COUNTRY (ID,PARENTID,DISPLAY_ORDER,NAME,CONTACT,PHONE,PUBDATE,AUTHOR) values (430,34,null,'营房村','1','1',1470619346,'admin');
Insert into CM_COUNTRY (ID,PARENTID,DISPLAY_ORDER,NAME,CONTACT,PHONE,PUBDATE,AUTHOR) values (431,34,null,'堡兴村','1','1',1470619355,'admin');
Insert into CM_COUNTRY (ID,PARENTID,DISPLAY_ORDER,NAME,CONTACT,PHONE,PUBDATE,AUTHOR) values (435,34,null,'堡港村','1','1',1470619393,'admin');
Insert into CM_COUNTRY (ID,PARENTID,DISPLAY_ORDER,NAME,CONTACT,PHONE,PUBDATE,AUTHOR) values (444,234,null,'梅园村','1','1',1470619557,'admin');
Insert into CM_COUNTRY (ID,PARENTID,DISPLAY_ORDER,NAME,CONTACT,PHONE,PUBDATE,AUTHOR) values (445,234,null,'建华村','1','1',1470619568,'admin');
Insert into CM_COUNTRY (ID,PARENTID,DISPLAY_ORDER,NAME,CONTACT,PHONE,PUBDATE,AUTHOR) values (450,234,null,'惠军村','1','1',1470619625,'admin');
Insert into CM_COUNTRY (ID,PARENTID,DISPLAY_ORDER,NAME,CONTACT,PHONE,PUBDATE,AUTHOR) values (459,234,null,'跃马村','1','1',1470619715,'admin');
Insert into CM_COUNTRY (ID,PARENTID,DISPLAY_ORDER,NAME,CONTACT,PHONE,PUBDATE,AUTHOR) values (461,234,null,'同滧村','1','1',1470619736,'admin');
Insert into CM_COUNTRY (ID,PARENTID,DISPLAY_ORDER,NAME,CONTACT,PHONE,PUBDATE,AUTHOR) values (464,235,null,'阜康村','1','1',1470619827,'admin');
Insert into CM_COUNTRY (ID,PARENTID,DISPLAY_ORDER,NAME,CONTACT,PHONE,PUBDATE,AUTHOR) values (469,235,null,'花仓村','1','1',1470619875,'admin');
Insert into CM_COUNTRY (ID,PARENTID,DISPLAY_ORDER,NAME,CONTACT,PHONE,PUBDATE,AUTHOR) values (480,236,null,'北兴村','1','1',1470620043,'admin');
Insert into CM_COUNTRY (ID,PARENTID,DISPLAY_ORDER,NAME,CONTACT,PHONE,PUBDATE,AUTHOR) values (483,236,null,'汲浜村','1','1',1470620066,'admin');
Insert into CM_COUNTRY (ID,PARENTID,DISPLAY_ORDER,NAME,CONTACT,PHONE,PUBDATE,AUTHOR) values (491,237,null,'裕安村','1','1',1470620216,'admin');
Insert into CM_COUNTRY (ID,PARENTID,DISPLAY_ORDER,NAME,CONTACT,PHONE,PUBDATE,AUTHOR) values (492,237,null,'裕丰村','1','1',1470620228,'admin');
Insert into CM_COUNTRY (ID,PARENTID,DISPLAY_ORDER,NAME,CONTACT,PHONE,PUBDATE,AUTHOR) values (502,237,null,'先锋村','1','1',1470620334,'admin');
Insert into CM_COUNTRY (ID,PARENTID,DISPLAY_ORDER,NAME,CONTACT,PHONE,PUBDATE,AUTHOR) values (231,0,null,'建设镇','1','1',1470381055,'admin');
Insert into CM_COUNTRY (ID,PARENTID,DISPLAY_ORDER,NAME,CONTACT,PHONE,PUBDATE,AUTHOR) values (228,0,null,'庙 镇 ','1','1',1470381009,'admin');
Insert into CM_COUNTRY (ID,PARENTID,DISPLAY_ORDER,NAME,CONTACT,PHONE,PUBDATE,AUTHOR) values (233,0,null,'竖新镇','1','1',1470381083,'admin');
Insert into CM_COUNTRY (ID,PARENTID,DISPLAY_ORDER,NAME,CONTACT,PHONE,PUBDATE,AUTHOR) values (244,223,null,'民东村','1','1',1470381394,'admin');
Insert into CM_COUNTRY (ID,PARENTID,DISPLAY_ORDER,NAME,CONTACT,PHONE,PUBDATE,AUTHOR) values (253,223,null,'民永村','1','1',1470381524,'admin');
Insert into CM_COUNTRY (ID,PARENTID,DISPLAY_ORDER,NAME,CONTACT,PHONE,PUBDATE,AUTHOR) values (258,223,null,'新联村','1','1',1470381600,'admin');
Insert into CM_COUNTRY (ID,PARENTID,DISPLAY_ORDER,NAME,CONTACT,PHONE,PUBDATE,AUTHOR) values (261,223,null,'民生村','1','1',1470381638,'admin');
Insert into CM_COUNTRY (ID,PARENTID,DISPLAY_ORDER,NAME,CONTACT,PHONE,PUBDATE,AUTHOR) values (263,224,null,'潘石村','1','1',1470381743,'admin');
Insert into CM_COUNTRY (ID,PARENTID,DISPLAY_ORDER,NAME,CONTACT,PHONE,PUBDATE,AUTHOR) values (268,224,null,'先丰村','1','1',1470381798,'admin');
Insert into CM_COUNTRY (ID,PARENTID,DISPLAY_ORDER,NAME,CONTACT,PHONE,PUBDATE,AUTHOR) values (276,224,null,'新港村','1','1',1470381920,'admin');
Insert into CM_COUNTRY (ID,PARENTID,DISPLAY_ORDER,NAME,CONTACT,PHONE,PUBDATE,AUTHOR) values (281,224,null,'光荣村','1','1',1470381965,'admin');
Insert into CM_COUNTRY (ID,PARENTID,DISPLAY_ORDER,NAME,CONTACT,PHONE,PUBDATE,AUTHOR) values (286,225,null,'绿园村','1','1',1470382101,'admin');
Insert into CM_COUNTRY (ID,PARENTID,DISPLAY_ORDER,NAME,CONTACT,PHONE,PUBDATE,AUTHOR) values (291,225,null,'华星村','1','1',1470382147,'admin');
Insert into CM_COUNTRY (ID,PARENTID,DISPLAY_ORDER,NAME,CONTACT,PHONE,PUBDATE,AUTHOR) values (296,226,null,'新浜村','1','1',1470382275,'admin');
Insert into CM_COUNTRY (ID,PARENTID,DISPLAY_ORDER,NAME,CONTACT,PHONE,PUBDATE,AUTHOR) values (304,227,null,'邻江村','1','1',1470382478,'admin');
Insert into CM_COUNTRY (ID,PARENTID,DISPLAY_ORDER,NAME,CONTACT,PHONE,PUBDATE,AUTHOR) values (314,227,null,'海滨村','1','1',1470383950,'admin');
Insert into CM_COUNTRY (ID,PARENTID,DISPLAY_ORDER,NAME,CONTACT,PHONE,PUBDATE,AUTHOR) values (318,227,null,'海中村','1','1',1470383991,'admin');
Insert into CM_COUNTRY (ID,PARENTID,DISPLAY_ORDER,NAME,CONTACT,PHONE,PUBDATE,AUTHOR) values (323,228,null,'爱民村','1','1',1470384117,'admin');
Insert into CM_COUNTRY (ID,PARENTID,DISPLAY_ORDER,NAME,CONTACT,PHONE,PUBDATE,AUTHOR) values (328,228,null,'宏达村','1','1',1470384171,'admin');
Insert into CM_COUNTRY (ID,PARENTID,DISPLAY_ORDER,NAME,CONTACT,PHONE,PUBDATE,AUTHOR) values (333,228,null,'联益村','1','1',1470384238,'admin');
Insert into CM_COUNTRY (ID,PARENTID,DISPLAY_ORDER,NAME,CONTACT,PHONE,PUBDATE,AUTHOR) values (338,228,null,'万安村','1','1',1470384291,'admin');
Insert into CM_COUNTRY (ID,PARENTID,DISPLAY_ORDER,NAME,CONTACT,PHONE,PUBDATE,AUTHOR) values (343,228,null,'庙南村','1','1',1470384338,'admin');
Insert into CM_COUNTRY (ID,PARENTID,DISPLAY_ORDER,NAME,CONTACT,PHONE,PUBDATE,AUTHOR) values (350,229,null,'新港村','1','1',1470384548,'admin');
Insert into CM_COUNTRY (ID,PARENTID,DISPLAY_ORDER,NAME,CONTACT,PHONE,PUBDATE,AUTHOR) values (356,229,null,'北闸村','1','1',1470384605,'admin');
Insert into CM_COUNTRY (ID,PARENTID,DISPLAY_ORDER,NAME,CONTACT,PHONE,PUBDATE,AUTHOR) values (358,229,null,'协兴村','1','1',1470384621,'admin');
Insert into CM_COUNTRY (ID,PARENTID,DISPLAY_ORDER,NAME,CONTACT,PHONE,PUBDATE,AUTHOR) values (361,230,null,'鳌山村','1','1',1470384701,'admin');
Insert into CM_COUNTRY (ID,PARENTID,DISPLAY_ORDER,NAME,CONTACT,PHONE,PUBDATE,AUTHOR) values (366,230,null,'运粮村','1','1',1470384769,'admin');
Insert into CM_COUNTRY (ID,PARENTID,DISPLAY_ORDER,NAME,CONTACT,PHONE,PUBDATE,AUTHOR) values (371,230,null,'元六村','1','1',1470384821,'admin');
Insert into CM_COUNTRY (ID,PARENTID,DISPLAY_ORDER,NAME,CONTACT,PHONE,PUBDATE,AUTHOR) values (376,231,null,'虹桥村','1','1',1470385003,'admin');
Insert into CM_COUNTRY (ID,PARENTID,DISPLAY_ORDER,NAME,CONTACT,PHONE,PUBDATE,AUTHOR) values (381,231,null,'白钥村','1','1',1470385061,'admin');
Insert into CM_COUNTRY (ID,PARENTID,DISPLAY_ORDER,NAME,CONTACT,PHONE,PUBDATE,AUTHOR) values (395,232,null,'永丰村','1','1',1470385274,'admin');
Insert into CM_COUNTRY (ID,PARENTID,DISPLAY_ORDER,NAME,CONTACT,PHONE,PUBDATE,AUTHOR) values (396,232,null,'兴教村','1','1',1470385287,'admin');
Insert into CM_COUNTRY (ID,PARENTID,DISPLAY_ORDER,NAME,CONTACT,PHONE,PUBDATE,AUTHOR) values (400,232,null,'新隆村','1','1',1470385332,'admin');
Insert into CM_COUNTRY (ID,PARENTID,DISPLAY_ORDER,NAME,CONTACT,PHONE,PUBDATE,AUTHOR) values (406,233,null,'大椿村','1','1',1470385517,'admin');
Insert into CM_COUNTRY (ID,PARENTID,DISPLAY_ORDER,NAME,CONTACT,PHONE,PUBDATE,AUTHOR) values (411,233,null,'新征村','1','1',1470385581,'admin');
Insert into CM_COUNTRY (ID,PARENTID,DISPLAY_ORDER,NAME,CONTACT,PHONE,PUBDATE,AUTHOR) values (416,233,null,'明强村','1','1',1470385637,'admin');
Insert into CM_COUNTRY (ID,PARENTID,DISPLAY_ORDER,NAME,CONTACT,PHONE,PUBDATE,AUTHOR) values (418,233,null,'育才村','1','1',1470618559,'admin');
Insert into CM_COUNTRY (ID,PARENTID,DISPLAY_ORDER,NAME,CONTACT,PHONE,PUBDATE,AUTHOR) values (426,34,null,'桃源村','1','1',1470619312,'admin');
Insert into CM_COUNTRY (ID,PARENTID,DISPLAY_ORDER,NAME,CONTACT,PHONE,PUBDATE,AUTHOR) values (432,34,null,'菜园村','1','1',1470619365,'admin');
Insert into CM_COUNTRY (ID,PARENTID,DISPLAY_ORDER,NAME,CONTACT,PHONE,PUBDATE,AUTHOR) values (433,34,null,'堡渔村','1','1',1470619375,'admin');
Insert into CM_COUNTRY (ID,PARENTID,DISPLAY_ORDER,NAME,CONTACT,PHONE,PUBDATE,AUTHOR) values (436,34,null,'南海村','1','1',1470619400,'admin');
Insert into CM_COUNTRY (ID,PARENTID,DISPLAY_ORDER,NAME,CONTACT,PHONE,PUBDATE,AUTHOR) values (441,34,null,'米行村','1','1',1470619444,'admin');
Insert into CM_COUNTRY (ID,PARENTID,DISPLAY_ORDER,NAME,CONTACT,PHONE,PUBDATE,AUTHOR) values (446,234,null,'港沿村','1','1',1470619578,'admin');
Insert into CM_COUNTRY (ID,PARENTID,DISPLAY_ORDER,NAME,CONTACT,PHONE,PUBDATE,AUTHOR) values (451,234,null,'惠中村','1','1',1470619636,'admin');
Insert into CM_COUNTRY (ID,PARENTID,DISPLAY_ORDER,NAME,CONTACT,PHONE,PUBDATE,AUTHOR) values (460,234,null,'富国村','1','1',1470619725,'admin');
Insert into CM_COUNTRY (ID,PARENTID,DISPLAY_ORDER,NAME,CONTACT,PHONE,PUBDATE,AUTHOR) values (462,234,null,'齐成村','1','1',1470619744,'admin');
Insert into CM_COUNTRY (ID,PARENTID,DISPLAY_ORDER,NAME,CONTACT,PHONE,PUBDATE,AUTHOR) values (465,235,null,'南江村','1','1',1470619835,'admin');
Insert into CM_COUNTRY (ID,PARENTID,DISPLAY_ORDER,NAME,CONTACT,PHONE,PUBDATE,AUTHOR) values (470,235,null,'渔业村','1','1',1470619890,'admin');
Insert into CM_COUNTRY (ID,PARENTID,DISPLAY_ORDER,NAME,CONTACT,PHONE,PUBDATE,AUTHOR) values (479,236,null,'爱国村','1','1',1470620034,'admin');
Insert into CM_COUNTRY (ID,PARENTID,DISPLAY_ORDER,NAME,CONTACT,PHONE,PUBDATE,AUTHOR) values (484,236,null,'红星村','1','1',1470620074,'admin');
Insert into CM_COUNTRY (ID,PARENTID,DISPLAY_ORDER,NAME,CONTACT,PHONE,PUBDATE,AUTHOR) values (485,236,null,'开港村','1','1',1470620081,'admin');
Insert into CM_COUNTRY (ID,PARENTID,DISPLAY_ORDER,NAME,CONTACT,PHONE,PUBDATE,AUTHOR) values (488,237,null,'德云村','1','1',1470620171,'admin');
Insert into CM_COUNTRY (ID,PARENTID,DISPLAY_ORDER,NAME,CONTACT,PHONE,PUBDATE,AUTHOR) values (493,237,null,'花漂村','1','1',1470620239,'admin');
Insert into CM_COUNTRY (ID,PARENTID,DISPLAY_ORDER,NAME,CONTACT,PHONE,PUBDATE,AUTHOR) values (498,237,null,'协隆村','1','1',1470620292,'admin');
Insert into CM_COUNTRY (ID,PARENTID,DISPLAY_ORDER,NAME,CONTACT,PHONE,PUBDATE,AUTHOR) values (503,237,null,'新桥村','1','1',1470620346,'admin');
Insert into CM_COUNTRY (ID,PARENTID,DISPLAY_ORDER,NAME,CONTACT,PHONE,PUBDATE,AUTHOR) values (223,0,null,'横沙乡','1','1',1470380931,'admin');
Insert into CM_COUNTRY (ID,PARENTID,DISPLAY_ORDER,NAME,CONTACT,PHONE,PUBDATE,AUTHOR) values (224,0,null,'长兴镇 ','1','1',1470380951,'admin');
Insert into CM_COUNTRY (ID,PARENTID,DISPLAY_ORDER,NAME,CONTACT,PHONE,PUBDATE,AUTHOR) values (229,0,null,'港西镇','1','1',1470381030,'admin');
Insert into CM_COUNTRY (ID,PARENTID,DISPLAY_ORDER,NAME,CONTACT,PHONE,PUBDATE,AUTHOR) values (240,223,null,'惠丰村','1','1',1470381309,'admin');
Insert into CM_COUNTRY (ID,PARENTID,DISPLAY_ORDER,NAME,CONTACT,PHONE,PUBDATE,AUTHOR) values (246,223,null,'东海村','1','1',1470381422,'admin');
Insert into CM_COUNTRY (ID,PARENTID,DISPLAY_ORDER,NAME,CONTACT,PHONE,PUBDATE,AUTHOR) values (254,223,null,'民星村','1','1',1470381539,'admin');
Insert into CM_COUNTRY (ID,PARENTID,DISPLAY_ORDER,NAME,CONTACT,PHONE,PUBDATE,AUTHOR) values (259,223,null,'海鸿村','1','1',1470381613,'admin');
Insert into CM_COUNTRY (ID,PARENTID,DISPLAY_ORDER,NAME,CONTACT,PHONE,PUBDATE,AUTHOR) values (264,224,null,'北兴村','1','1',1470381754,'admin');
Insert into CM_COUNTRY (ID,PARENTID,DISPLAY_ORDER,NAME,CONTACT,PHONE,PUBDATE,AUTHOR) values (265,224,null,'鼎丰村','1','1',1470381765,'admin');
Insert into CM_COUNTRY (ID,PARENTID,DISPLAY_ORDER,NAME,CONTACT,PHONE,PUBDATE,AUTHOR) values (269,224,null,'先进村','1','1',1470381812,'admin');
Insert into CM_COUNTRY (ID,PARENTID,DISPLAY_ORDER,NAME,CONTACT,PHONE,PUBDATE,AUTHOR) values (273,224,null,'新建村','1','1',1470381869,'admin');
Insert into CM_COUNTRY (ID,PARENTID,DISPLAY_ORDER,NAME,CONTACT,PHONE,PUBDATE,AUTHOR) values (277,224,null,'合心村','1','1',1470381929,'admin');
Insert into CM_COUNTRY (ID,PARENTID,DISPLAY_ORDER,NAME,CONTACT,PHONE,PUBDATE,AUTHOR) values (282,224,null,'海星村','1','1',1470381979,'admin');
Insert into CM_COUNTRY (ID,PARENTID,DISPLAY_ORDER,NAME,CONTACT,PHONE,PUBDATE,AUTHOR) values (287,225,null,'绿港村','1','1',1470382110,'admin');
Insert into CM_COUNTRY (ID,PARENTID,DISPLAY_ORDER,NAME,CONTACT,PHONE,PUBDATE,AUTHOR) values (294,226,null,'新卫村','1','1',1470382255,'admin');
Insert into CM_COUNTRY (ID,PARENTID,DISPLAY_ORDER,NAME,CONTACT,PHONE,PUBDATE,AUTHOR) values (297,226,null,'新国村','1','1',1470382283,'admin');
Insert into CM_COUNTRY (ID,PARENTID,DISPLAY_ORDER,NAME,CONTACT,PHONE,PUBDATE,AUTHOR) values (305,227,null,'新安村','1','1',1470382492,'admin');
Insert into CM_COUNTRY (ID,PARENTID,DISPLAY_ORDER,NAME,CONTACT,PHONE,PUBDATE,AUTHOR) values (315,227,null,'永安村','1','1',1470383959,'admin');
Insert into CM_COUNTRY (ID,PARENTID,DISPLAY_ORDER,NAME,CONTACT,PHONE,PUBDATE,AUTHOR) values (316,227,null,'三协村','1','1',1470383969,'admin');
Insert into CM_COUNTRY (ID,PARENTID,DISPLAY_ORDER,NAME,CONTACT,PHONE,PUBDATE,AUTHOR) values (324,228,null,'猛西村','1','1',1470384130,'admin');
Insert into CM_COUNTRY (ID,PARENTID,DISPLAY_ORDER,NAME,CONTACT,PHONE,PUBDATE,AUTHOR) values (329,228,null,'周河村','1','1',1470384182,'admin');
Insert into CM_COUNTRY (ID,PARENTID,DISPLAY_ORDER,NAME,CONTACT,PHONE,PUBDATE,AUTHOR) values (334,228,null,'万北村','1','1',1470384251,'admin');
Insert into CM_COUNTRY (ID,PARENTID,DISPLAY_ORDER,NAME,CONTACT,PHONE,PUBDATE,AUTHOR) values (339,228,null,'白港村','1','1',1470384301,'admin');
Insert into CM_COUNTRY (ID,PARENTID,DISPLAY_ORDER,NAME,CONTACT,PHONE,PUBDATE,AUTHOR) values (341,228,null,'永乐村','1','1',1470384319,'admin');
Insert into CM_COUNTRY (ID,PARENTID,DISPLAY_ORDER,NAME,CONTACT,PHONE,PUBDATE,AUTHOR) values (344,228,null,'保安村','1','1',1470384348,'admin');
Insert into CM_COUNTRY (ID,PARENTID,DISPLAY_ORDER,NAME,CONTACT,PHONE,PUBDATE,AUTHOR) values (351,229,null,'团结村','1','1',1470384559,'admin');
Insert into CM_COUNTRY (ID,PARENTID,DISPLAY_ORDER,NAME,CONTACT,PHONE,PUBDATE,AUTHOR) values (357,229,null,'协北村','1','1',1470384614,'admin');
Insert into CM_COUNTRY (ID,PARENTID,DISPLAY_ORDER,NAME,CONTACT,PHONE,PUBDATE,AUTHOR) values (359,230,null,'聚训村','1','1',1470384678,'admin');
Insert into CM_COUNTRY (ID,PARENTID,DISPLAY_ORDER,NAME,CONTACT,PHONE,PUBDATE,AUTHOR) values (362,230,null,'侯南村','1','1',1470384716,'admin');
Insert into CM_COUNTRY (ID,PARENTID,DISPLAY_ORDER,NAME,CONTACT,PHONE,PUBDATE,AUTHOR) values (367,230,null,'山阳村','1','1',1470384778,'admin');
Insert into CM_COUNTRY (ID,PARENTID,DISPLAY_ORDER,NAME,CONTACT,PHONE,PUBDATE,AUTHOR) values (372,230,null,'新闸村','1','1',1470384830,'admin');
Insert into CM_COUNTRY (ID,PARENTID,DISPLAY_ORDER,NAME,CONTACT,PHONE,PUBDATE,AUTHOR) values (379,231,null,'三星村','1','1',1470385041,'admin');
Insert into CM_COUNTRY (ID,PARENTID,DISPLAY_ORDER,NAME,CONTACT,PHONE,PUBDATE,AUTHOR) values (382,231,null,'建设村','1','1',1470385070,'admin');
Insert into CM_COUNTRY (ID,PARENTID,DISPLAY_ORDER,NAME,CONTACT,PHONE,PUBDATE,AUTHOR) values (387,232,null,'群英村','1','1',1470385177,'admin');
Insert into CM_COUNTRY (ID,PARENTID,DISPLAY_ORDER,NAME,CONTACT,PHONE,PUBDATE,AUTHOR) values (392,232,null,'三烈村','1','1',1470385236,'admin');
Insert into CM_COUNTRY (ID,PARENTID,DISPLAY_ORDER,NAME,CONTACT,PHONE,PUBDATE,AUTHOR) values (397,232,null,'天新村','1','1',1470385303,'admin');
Insert into CM_COUNTRY (ID,PARENTID,DISPLAY_ORDER,NAME,CONTACT,PHONE,PUBDATE,AUTHOR) values (407,233,null,'油桥村','1','1',1470385536,'admin');
Insert into CM_COUNTRY (ID,PARENTID,DISPLAY_ORDER,NAME,CONTACT,PHONE,PUBDATE,AUTHOR) values (412,233,null,'椿南村','1','1',1470385594,'admin');
Insert into CM_COUNTRY (ID,PARENTID,DISPLAY_ORDER,NAME,CONTACT,PHONE,PUBDATE,AUTHOR) values (421,233,null,'春风村','1','1',1470618585,'admin');
Insert into CM_COUNTRY (ID,PARENTID,DISPLAY_ORDER,NAME,CONTACT,PHONE,PUBDATE,AUTHOR) values (423,233,null,'堡西村','1','1',1470618611,'admin');
Insert into CM_COUNTRY (ID,PARENTID,DISPLAY_ORDER,NAME,CONTACT,PHONE,PUBDATE,AUTHOR) values (427,34,null,'瀛南村','1','1',1470619320,'admin');
Insert into CM_COUNTRY (ID,PARENTID,DISPLAY_ORDER,NAME,CONTACT,PHONE,PUBDATE,AUTHOR) values (437,34,null,'永和村','1','1',1470619408,'admin');
Insert into CM_COUNTRY (ID,PARENTID,DISPLAY_ORDER,NAME,CONTACT,PHONE,PUBDATE,AUTHOR) values (438,34,null,'堡北村','1','1',1470619416,'admin');
Insert into CM_COUNTRY (ID,PARENTID,DISPLAY_ORDER,NAME,CONTACT,PHONE,PUBDATE,AUTHOR) values (442,234,null,' 合东村','1','1',1470619527,'admin');
Insert into CM_COUNTRY (ID,PARENTID,DISPLAY_ORDER,NAME,CONTACT,PHONE,PUBDATE,AUTHOR) values (447,234,null,'鲁与村','1','1',1470619592,'admin');
Insert into CM_COUNTRY (ID,PARENTID,DISPLAY_ORDER,NAME,CONTACT,PHONE,PUBDATE,AUTHOR) values (452,234,null,'骏马村','1','1',1470619645,'admin');
Insert into CM_COUNTRY (ID,PARENTID,DISPLAY_ORDER,NAME,CONTACT,PHONE,PUBDATE,AUTHOR) values (456,234,null,'同心村','1','1',1470619688,'admin');
Insert into CM_COUNTRY (ID,PARENTID,DISPLAY_ORDER,NAME,CONTACT,PHONE,PUBDATE,AUTHOR) values (466,235,null,'米新村','1','1',1470619845,'admin');
Insert into CM_COUNTRY (ID,PARENTID,DISPLAY_ORDER,NAME,CONTACT,PHONE,PUBDATE,AUTHOR) values (468,235,null,'向化村','1','1',1470619862,'admin');
Insert into CM_COUNTRY (ID,PARENTID,DISPLAY_ORDER,NAME,CONTACT,PHONE,PUBDATE,AUTHOR) values (474,236,null,'富圩村','1','1',1470619984,'admin');
Insert into CM_COUNTRY (ID,PARENTID,DISPLAY_ORDER,NAME,CONTACT,PHONE,PUBDATE,AUTHOR) values (475,236,null,'胜利村','1','1',1470619994,'admin');
Insert into CM_COUNTRY (ID,PARENTID,DISPLAY_ORDER,NAME,CONTACT,PHONE,PUBDATE,AUTHOR) values (486,237,null,'瀛东村','1','1',1470620146,'admin');
Insert into CM_COUNTRY (ID,PARENTID,DISPLAY_ORDER,NAME,CONTACT,PHONE,PUBDATE,AUTHOR) values (489,237,null,'晨光村','1','1',1470620190,'admin');
Insert into CM_COUNTRY (ID,PARENTID,DISPLAY_ORDER,NAME,CONTACT,PHONE,PUBDATE,AUTHOR) values (494,237,null,'八滧村','1','1',1470620250,'admin');
Insert into CM_COUNTRY (ID,PARENTID,DISPLAY_ORDER,NAME,CONTACT,PHONE,PUBDATE,AUTHOR) values (499,237,null,'鸿田村','1','1',1470620300,'admin');
Insert into CM_COUNTRY (ID,PARENTID,DISPLAY_ORDER,NAME,CONTACT,PHONE,PUBDATE,AUTHOR) values (504,237,null,'东海村','1','1',1470620356,'admin');

---------------------------------------------------
--   END DATA FOR TABLE CM_COUNTRY
---------------------------------------------------

---------------------------------------------------
--   DATA FOR TABLE CM_ROLE
--   FILTER = none used
---------------------------------------------------
REM INSERTING into CM_ROLE

---------------------------------------------------
--   END DATA FOR TABLE CM_ROLE
---------------------------------------------------

---------------------------------------------------
--   DATA FOR TABLE CM_PERSON
--   FILTER = none used
---------------------------------------------------
REM INSERTING into CM_PERSON
Insert into CM_PERSON (ID,TRUENAME,SSID,SEX,ZZMM,WHCD,COUNTRY_ID,PHONE,BIRTHDAY,ADDRESS,SCORE,PUBDATE,AUTHOR,STAT,REMARK,PART_ID) values (62,'王五','310229197316085021','男','团员','大学',457,'13221314131','2016-08-13','上海',null,1470796589,'admin',1,'大',null);
Insert into CM_PERSON (ID,TRUENAME,SSID,SEX,ZZMM,WHCD,COUNTRY_ID,PHONE,BIRTHDAY,ADDRESS,SCORE,PUBDATE,AUTHOR,STAT,REMARK,PART_ID) values (60,'张三','310229197316085023','男','团员','大学',234,'13141414141','2016-08-03','上海',null,1470796611,'admin',1,'大家',null);
Insert into CM_PERSON (ID,TRUENAME,SSID,SEX,ZZMM,WHCD,COUNTRY_ID,PHONE,BIRTHDAY,ADDRESS,SCORE,PUBDATE,AUTHOR,STAT,REMARK,PART_ID) values (61,'李四','310229197316085022','男','团员','大学',230,'13141414141','2016-08-04','上海',null,1470796600,'admin',1,'大学',null);
Insert into CM_PERSON (ID,TRUENAME,SSID,SEX,ZZMM,WHCD,COUNTRY_ID,PHONE,BIRTHDAY,ADDRESS,SCORE,PUBDATE,AUTHOR,STAT,REMARK,PART_ID) values (63,'孙二','121314134123412414','男','团员','大学',457,'14144151133','2016-08-02','上海',null,1470733940,'admin',1,'大',null);
Insert into CM_PERSON (ID,TRUENAME,SSID,SEX,ZZMM,WHCD,COUNTRY_ID,PHONE,BIRTHDAY,ADDRESS,SCORE,PUBDATE,AUTHOR,STAT,REMARK,PART_ID) values (64,'小周','310229197316085019','男','团员','大学',34,'13221314131','2016-08-11','上海',null,1470796531,'admin',1,'大',null);
Insert into CM_PERSON (ID,TRUENAME,SSID,SEX,ZZMM,WHCD,COUNTRY_ID,PHONE,BIRTHDAY,ADDRESS,SCORE,PUBDATE,AUTHOR,STAT,REMARK,PART_ID) values (65,'小吴','310229197316085005','男','团员','大学',371,'14144151133','2016-08-10','上海',null,1470796551,'admin',1,'大',null);
Insert into CM_PERSON (ID,TRUENAME,SSID,SEX,ZZMM,WHCD,COUNTRY_ID,PHONE,BIRTHDAY,ADDRESS,SCORE,PUBDATE,AUTHOR,STAT,REMARK,PART_ID) values (66,'小郑','310229197316085018','男','团员','大学',476,'14144151133','2016-08-18','上海',null,1470796512,'admin',1,'大',null);
Insert into CM_PERSON (ID,TRUENAME,SSID,SEX,ZZMM,WHCD,COUNTRY_ID,PHONE,BIRTHDAY,ADDRESS,SCORE,PUBDATE,AUTHOR,STAT,REMARK,PART_ID) values (67,'小赵','310229197316085020','男','团员','大学',457,'13221314131','2016-08-11','上海',null,1470796575,'admin',1,'大',null);
Insert into CM_PERSON (ID,TRUENAME,SSID,SEX,ZZMM,WHCD,COUNTRY_ID,PHONE,BIRTHDAY,ADDRESS,SCORE,PUBDATE,AUTHOR,STAT,REMARK,PART_ID) values (68,'小马','310229197316085016','男','团员','大学',448,'13221314131','2016-08-04','上海',null,1470796492,'admin',1,'大',null);
Insert into CM_PERSON (ID,TRUENAME,SSID,SEX,ZZMM,WHCD,COUNTRY_ID,PHONE,BIRTHDAY,ADDRESS,SCORE,PUBDATE,AUTHOR,STAT,REMARK,PART_ID) values (69,'小李','310229197316085015','男','团员','大学',457,'13141414141','2016-08-03','上海',null,1470796475,'admin',1,'大',null);

---------------------------------------------------
--   END DATA FOR TABLE CM_PERSON
---------------------------------------------------

---------------------------------------------------
--   DATA FOR TABLE CM_PART
--   FILTER = none used
---------------------------------------------------
REM INSERTING into CM_PART
Insert into CM_PART (ID,PART_NAME) values (32,'村');
Insert into CM_PART (ID,PART_NAME) values (30,'乡镇');
Insert into CM_PART (ID,PART_NAME) values (19,'系统管理部');
Insert into CM_PART (ID,PART_NAME) values (25,'县综治委');
Insert into CM_PART (ID,PART_NAME) values (23,'县信访办');
Insert into CM_PART (ID,PART_NAME) values (15,'县卫计委');
Insert into CM_PART (ID,PART_NAME) values (16,'县联席办');
Insert into CM_PART (ID,PART_NAME) values (24,'县市监局');
Insert into CM_PART (ID,PART_NAME) values (26,'县科委');
Insert into CM_PART (ID,PART_NAME) values (29,'县司法局');

---------------------------------------------------
--   END DATA FOR TABLE CM_PART
---------------------------------------------------
