<?xml version="1.0" encoding="UTF-8"?>
<!DOCTYPE struts-config PUBLIC "-//Apache Software Foundation//DTD Struts Configuration 1.2//EN" "http://struts.apache.org/dtds/struts-config_1_2.dtd">

<struts-config>
  <data-sources />
  <form-beans >
    <form-bean name="targetForm" type="com.san.mxchengxin.form.target.TargetForm" />
    <form-bean name="addForm" type="com.san.mxchengxin.form.target.AddForm" />
    <form-bean name="levelForm" type="com.san.mxchengxin.form.level.LevelForm" />
    <form-bean name="levelAddForm" type="com.san.mxchengxin.form.level.LevelAddForm" />
    <form-bean name="countryForm" type="com.san.mxchengxin.form.country.CountryForm" />
    <form-bean name="ctyAddForm" type="com.san.mxchengxin.form.country.CtyAddForm" />
    <form-bean name="partAddForm" type="com.san.mxchengxin.form.part.PartAddForm" />
    <form-bean name="recordForm" type="com.san.mxchengxin.form.record.RecordForm" />
	<form-bean name="recordAddForm" type="com.san.mxchengxin.form.record.RecordAddForm" />
    <form-bean name="personForm" type="com.san.mxchengxin.form.person.PersonForm" />
    <form-bean name="personAddForm" type="com.san.mxchengxin.form.person.PersonAddForm" />
    <form-bean name="statisticsForm" type="com.san.mxchengxin.form.statistics.StatisticsForm" />
    <form-bean name="reportForm" type="com.san.mxchengxin.form.statistics.ReportForm" />
  </form-beans>

  <global-exceptions />
  <global-forwards >
    <forward name="targetForword" path="/page/san/target/target.jsp" />
	<forward name="addForword" path="/page/san/target/add.jsp" />
	<forward name="levelForword" path="/page/san/level/level.jsp" />
    <forward name="countryForword" path="/page/san/country/country.jsp" />
	<forward name="levelAddForword" path="/page/san/level/levelAdd.jsp" />
	<forward name="personForword" path="/page/san/person/person.jsp" />
  </global-forwards>
  <!-- path:  action 的路径 -->
  <action-mappings >
  		
		
    <action
      attribute="targetForm"
      input="/page/san/target/target.jsp"
      name="targetForm"
      path="/home/target"
      scope="request"
      type="org.springframework.web.struts.DelegatingActionProxy">

      <forward name="targetForword" path="/page/san/target/target.jsp" />
    </action>
    <action
      attribute="addForm"
      input="/page/san/target/add.jsp"
      name="addForm"
      path="/home/target/add"
      scope="request"
      type="org.springframework.web.struts.DelegatingActionProxy">

      <forward name="addForword" path="/page/san/target/add.jsp" />
    </action>	
   
	<action
      attribute="countryForm"
      input="/page/san/country/country.jsp"
      name="countryForm"
      path="/home/country"
      scope="request"
      type="org.springframework.web.struts.DelegatingActionProxy">
      <forward name="countryForword" path="/page/san/country/country.jsp" />
    </action>
    
	<action
      attribute="ctyaddForm"
      input="/page/san/country/add.jsp"
      name="ctyAddForm"
      path="/home/country/add"
      scope="request"
      type="org.springframework.web.struts.DelegatingActionProxy">
      <forward name="ctyaddForword" path="/page/san/country/add.jsp" />
    </action>	  

     <action
      attribute="levelForm"
      input="/page/san/level/level.jsp"
      name="levelForm"
      path="/home/level"
      scope="request"
      type="org.springframework.web.struts.DelegatingActionProxy">

      <forward name="levelForword" path="/page/san/level/level.jsp" />
    </action>
    
    <action
      attribute="levelAddForm"
      input="/page/san/level/levelAdd.jsp"
      name="levelAddForm"
      path="/home/level/add"
      scope="request"
      type="org.springframework.web.struts.DelegatingActionProxy">

      <forward name="levelAddForword" path="/page/san/level/levelAdd.jsp" />
    </action>	
   
   <action
      attribute="reportForm"
      input="/page/san/report/report.jsp"
      name="reportForm" 
      path="/home/report"
      scope="request"
      type="org.springframework.web.struts.DelegatingActionProxy">

      <forward name="reportForword" path="/page/san/report/report.jsp" />
    </action>	
   
   <action
      path="/home/part"
      scope="request"
      type="org.springframework.web.struts.DelegatingActionProxy">

      <forward name="partForword" path="/page/san/part/part.jsp" />
    </action>	
   
   <action
      attribute="partAddForm"
      input="/page/san/part/add.jsp"
      name="partAddForm"
      path="/home/part/add"
      scope="request"
      type="org.springframework.web.struts.DelegatingActionProxy">

      <forward name="partAddForword" path="/page/san/part/add.jsp" />
    </action>	
    
    <action
      attribute="recordForm"
      input="/page/san/record/record.jsp"
      name="recordForm"
      path="/home/record"
      scope="request"
      type="org.springframework.web.struts.DelegatingActionProxy">

      <forward name="recordForword" path="/page/san/record/record.jsp" />
    </action>	
    
    <action
      attribute="recordAddForm"
      input="/page/san/record/add.jsp"
      name="recordAddForm"
      path="/home/record/add"
      scope="request"
      type="org.springframework.web.struts.DelegatingActionProxy">
     
      <forward  name="recordAddForword" path="/page/san/record/add.jsp" />
      <forward  name="infoAjaxForword" path="/page/san/record/infoAjax.jsp" />
    </action>	
    
	<action
      attribute="personForm"
      input="/page/san/person/person.jsp"
      name="personForm"
      path="/home/person"
      scope="request"
      type="org.springframework.web.struts.DelegatingActionProxy">
      <forward name="personForword" path="/page/san/person/person.jsp" />
    </action>
    
	<action
      attribute="personaddForm"
      input="/page/san/person/add.jsp"
      name="personAddForm"
      path="/home/person/add"
      scope="request"
      type="org.springframework.web.struts.DelegatingActionProxy">
      <forward name="personaddForword" path="/page/san/person/add.jsp" />
      <forward name="personinfoForword" path="/page/san/person/info.jsp" />
    </action>    
    
    <action
      path="/home/log"
      scope="request"
      type="org.springframework.web.struts.DelegatingActionProxy">
      <forward name="logForword" path="/page/san/log/log.jsp" />
    </action> 
    
    <action
	  attribute="statisticsForm"
      input="/page/san/statistics/index.jsp"
      name="statisticsForm"
      path="/home/statistics"
      scope="request"
      type="org.springframework.web.struts.DelegatingActionProxy">
      <forward name="statisticsForword" path="/page/san/statistics/statistics.jsp" />
    </action>        
    
  </action-mappings>

</struts-config>

