<?xml version="1.0" encoding="utf-8"?>
<!DOCTYPE hibernate-mapping PUBLIC "-//Hibernate/Hibernate Mapping DTD 3.0//EN"
"http://hibernate.sourceforge.net/hibernate-mapping-3.0.dtd">
<!-- 
    Mapping file autogenerated by MyEclipse Persistence Tools
-->
<hibernate-mapping>
    <class name="com.san.mxchengxin.model.part.CmPart" table="CM_PART">
        <id name="id" type="java.lang.Short">
            <column name="ID" precision="4" scale="0" />
            <generator class="identity" />
        </id>
        <property name="partName" type="java.lang.String">
            <column name="PART_NAME" length="50" not-null="true" />
        </property>
    </class>
</hibernate-mapping>
