<?xml version="1.0" encoding="utf-8"?>
<!DOCTYPE hibernate-mapping PUBLIC "-//Hibernate/Hibernate Mapping DTD 3.0//EN"
"http://hibernate.sourceforge.net/hibernate-mapping-3.0.dtd">
<!-- 
    Mapping file autogenerated by MyEclipse Persistence Tools
-->
<hibernate-mapping>
    <class name="com.san.mxchengxin.model.level.CmLevel" table="CM_LEVEL" >
        <id name="id" type="java.lang.Short">
            <column name="ID" precision="4" scale="0" />
            <generator class="identity"></generator>
        </id>
        <property name="levelScore" type="java.lang.String">
            <column name="LEVEL_SCORE" length="50" />
        </property>
        <property name="levelName" type="java.lang.String">
            <column name="LEVEL_NAME" length="50" />
        </property>
        <property name="author" type="java.lang.String">
            <column name="AUTHOR" length="50" />
        </property>
        <property name="pubdate" type="java.lang.Long">
            <column name="PUBDATE" precision="11" scale="0" />
        </property>
    </class>
</hibernate-mapping>
