<?xml version="1.0" encoding="utf-8"?>
<!DOCTYPE hibernate-mapping PUBLIC "-//Hibernate/Hibernate Mapping DTD 3.0//EN"
"http://hibernate.sourceforge.net/hibernate-mapping-3.0.dtd">
<!-- 
    Mapping file autogenerated by MyEclipse Persistence Tools
-->
<hibernate-mapping>
    <class name="com.san.mxchengxin.model.record.CmRecord" table="CM_RECORD" >
        <id name="id" type="java.lang.Integer">
            <column name="ID" precision="8" scale="0" />
            <generator class="identity"></generator>
        </id>
        <many-to-one name="person" class="com.san.mxchengxin.model.country.CmPerson">
        	<column name="PERSON_ID" precision="8" scale="0" not-null="true">
                <comment>人员ID</comment>
            </column>
        </many-to-one>
        
        <property name="targetId" type="java.lang.Integer">
            <column name="TARGET_ID" precision="8" scale="0" not-null="true">
                <comment>考评ID</comment>
            </column>
        </property>
        <property name="score" type="java.lang.Short">
            <column name="SCORE" precision="4" scale="0" not-null="true">
                <comment>考评分数</comment>
            </column>
        </property>
        <property name="author" type="java.lang.String">
            <column name="AUTHOR" length="40" not-null="true">
                <comment>操作管理员</comment>
            </column>
        </property>
        <property name="pubdate" type="java.lang.Long">
            <column name="PUBDATE" precision="11" scale="0" not-null="true">
                <comment>记录时间戳</comment>
            </column>
        </property>
        <property name="stat" type="java.lang.Boolean">
            <column name="STAT" precision="1" scale="0">
                <comment>状态</comment>
            </column>
        </property>
        <property name="dateline" type="java.lang.Long">
            <column name="DATELINE" precision="11" scale="0">
                <comment>有效时间戳</comment>
            </column>
        </property>
        <property name="partId" type="java.lang.Long">
            <column name="PART_ID" precision="11" scale="0">
                <comment>考核部门编号</comment>
            </column>
        </property>
    </class>
</hibernate-mapping>
