<?xml version="1.0" encoding="utf-8"?>
<!DOCTYPE hibernate-mapping PUBLIC "-//Hibernate/Hibernate Mapping DTD 3.0//EN"
"http://hibernate.sourceforge.net/hibernate-mapping-3.0.dtd">
<!-- 
    Mapping file autogenerated by MyEclipse Persistence Tools
-->
<hibernate-mapping>
    <class name="com.san.mxchengxin.model.log.CmLog" table="CM_LOG">
        <id name="id" type="java.lang.Long">
            <column name="ID" precision="11" scale="0" />
            <generator class="identity"></generator>
        </id>
        <property name="info" type="java.lang.String">
            <column name="INFO" length="500" />
        </property>
        <property name="pubdate" type="java.lang.Long">
            <column name="PUBDATE" precision="11" scale="0" not-null="true" />
        </property>
        <property name="author" type="java.lang.String">
            <column name="AUTHOR" length="50" />
        </property>
        <property name="ip" type="java.lang.String">
            <column name="IP" length="15" />
        </property>
    </class>
</hibernate-mapping>
