<?xml version="1.0" encoding="utf-8"?>
<!DOCTYPE hibernate-mapping PUBLIC "-//Hibernate/Hibernate Mapping DTD 3.0//EN"
"http://hibernate.sourceforge.net/hibernate-mapping-3.0.dtd">
<!-- 
    Mapping file autogenerated by MyEclipse Persistence Tools
-->
<hibernate-mapping>
    <class name="com.san.mxchengxin.model.country.CmCountry" table="CM_COUNTRY">
        <id name="id" type="java.lang.Short">
            <column name="ID" precision="4" scale="0" />
            <generator class="identity" />
        </id>
        <property name="parentid" type="java.lang.Short">
            <column name="PARENTID" precision="4" scale="0" />
        </property>
        <property name="displayOrder" type="java.lang.Short">
            <column name="DISPLAY_ORDER" precision="4" scale="0" />
        </property>
        <property name="name" type="java.lang.String">
            <column name="NAME" length="50" not-null="true" />
        </property>
        <property name="contact" type="java.lang.String">
            <column name="CONTACT" length="50" not-null="true" />
        </property>
        <property name="phone" type="java.lang.String">
            <column name="PHONE" length="15" />
        </property>
        <property name="pubdate" type="java.lang.Long">
            <column name="PUBDATE" precision="11" scale="0" not-null="true" />
        </property>
        <property name="author" type="java.lang.String">
            <column name="AUTHOR" length="50" />
        </property>
    </class>
</hibernate-mapping>
