<?xml version="1.0" encoding="utf-8"?>
<!DOCTYPE hibernate-mapping PUBLIC "-//Hibernate/Hibernate Mapping DTD 3.0//EN"
"http://hibernate.sourceforge.net/hibernate-mapping-3.0.dtd">
<!-- 
    Mapping file autogenerated by MyEclipse Persistence Tools
-->
<hibernate-mapping>
    <class name="com.san.mxchengxin.model.country.CmPerson" table="CM_PERSON">
        <id name="id" type="java.lang.Integer">
            <column name="ID" precision="8" scale="0" />
            <generator class="identity" />
        </id>
        <property name="truename" type="java.lang.String">
            <column name="TRUENAME" length="50" not-null="true" />
        </property>
        <property name="ssid" type="java.lang.String">
            <column name="SSID" length="18" not-null="true" />
        </property>
        <property name="sex" type="java.lang.String">
            <column name="SEX" length="4" />
        </property>
        <property name="zzmm" type="java.lang.String">
            <column name="ZZMM" length="20" />
        </property>
        <property name="whcd" type="java.lang.String">
            <column name="WHCD" length="20" />
        </property>
        <property name="countryId" type="java.lang.Short">
            <column name="COUNTRY_ID" precision="4" scale="0" />
        </property>
        <property name="phone" type="java.lang.String">
            <column name="PHONE" length="15" />
        </property>
        <property name="birthday" type="java.lang.String">
            <column name="BIRTHDAY" length="10" />
        </property>
        <property name="address" type="java.lang.String">
            <column name="ADDRESS" length="200" />
        </property>
        <property name="score" type="java.lang.Integer">
            <column name="SCORE" precision="8" scale="0" />
        </property>
        <property name="pubdate" type="java.lang.Long">
            <column name="PUBDATE" precision="11" scale="0" />
        </property>
        <property name="author" type="java.lang.String">
            <column name="AUTHOR" length="20" not-null="true" />
        </property>
        <property name="stat" type="java.lang.Boolean">
            <column name="STAT" precision="1" scale="0" />
        </property>
        <property name="remark" type="java.lang.String">
            <column name="REMARK" length="4000" />
        </property>
        <property name="partId" type="java.lang.Long">
            <column name="PART_ID" precision="11" scale="0" />
        </property>
    </class>
</hibernate-mapping>
