<?xml version="1.0" encoding="utf-8"?>
<!DOCTYPE hibernate-mapping PUBLIC "-//Hibernate/Hibernate Mapping DTD 3.0//EN"
"http://hibernate.sourceforge.net/hibernate-mapping-3.0.dtd">
<!-- 
    Mapping file autogenerated by MyEclipse Persistence Tools
-->
<hibernate-mapping>
    <class name="com.san.mxchengxin.model.statistics.CmStatistics" table="CM_STATISTICS" >
        <id name="id" type="java.lang.Integer">
            <column name="ID" precision="8" scale="0" />
            <generator class="identity"></generator>
        </id>
        <property name="personId" type="java.lang.Integer">
            <column name="PERSON_ID" precision="8" scale="0" not-null="true" />
        </property>
        <property name="countryId" type="java.lang.Short">
            <column name="COUNTRY_ID" precision="4" scale="0" />
        </property>
        <property name="scoreBase" type="java.lang.Short">
            <column name="SCORE_BASE" precision="4" scale="0" />
        </property>
        <property name="scoreAdd" type="java.lang.Short">
            <column name="SCORE_ADD" precision="4" scale="0" />
        </property>
        <property name="scoreSub" type="java.lang.Short">
            <column name="SCORE_SUB" precision="4" scale="0" />
        </property>
    </class>
</hibernate-mapping>
